study_id,about_flu,about_attitude,about_info,about_beliefs,about_intent,about_change,unclear,understood_intent
1,0,1,1,0,0,1,0,0
2,1,1,0,0,0,0,0,0
3,0,1,0,0,0,0,1,0
4,1,1,0,0,0,0,0,0
6,1,1,0,1,0,0,0,0
9,0,0,0,0,0,0,1,0
11,1,0,1,0,0,0,0,0
12,0,1,1,0,0,0,0,0
16,1,1,0,1,0,0,0,0
23,1,1,0,1,0,0,0,0
24,1,0,0,0,1,1,0,0
26,1,1,0,0,0,0,0,0
29,0,0,0,0,0,0,1,0
43,1,0,1,1,0,1,0,1
45,1,1,1,1,0,0,0,0
50,1,1,0,1,0,0,0,0
52,0,0,0,0,0,0,1,0
54,1,0,1,0,1,1,0,1
55,1,1,0,0,0,0,0,0
58,1,1,0,0,0,0,0,0
61,1,1,0,0,0,0,0,0
67,1,1,1,0,0,0,0,0
68,1,0,1,0,1,1,0,1
69,1,1,0,0,0,0,0,0
70,1,1,0,1,0,0,0,0
75,1,0,0,1,0,0,0,0
78,1,1,0,0,0,0,0,0
81,0,0,0,0,0,0,1,0
85,1,1,0,1,0,0,0,0
87,1,1,0,0,0,0,0,0
88,1,1,1,1,0,1,0,1
89,1,0,1,1,1,1,0,1
90,1,1,1,1,0,1,0,1
92,1,0,0,1,0,1,0,0
97,1,1,0,1,0,0,0,0
99,1,0,1,1,0,1,0,1
102,1,0,0,1,0,0,0,0
106,1,0,0,0,1,0,1,0
107,1,0,1,1,0,1,0,1
108,0,0,0,0,0,0,1,0
111,1,1,0,0,0,0,0,0
116,1,0,0,0,1,1,0,0
117,1,1,0,1,0,0,0,0
119,1,0,1,1,1,0,0,0
124,1,1,0,1,0,0,0,0
126,1,0,0,1,0,0,0,0
129,1,0,0,1,0,0,0,0
130,0,1,1,0,0,1,0,0
131,0,1,0,1,0,0,0,0
133,1,0,0,0,1,1,0,0
134,1,1,0,0,0,0,0,0
135,1,0,1,1,0,1,0,1
137,1,1,0,1,0,0,0,0
138,1,1,0,0,0,0,0,0
139,1,1,0,1,0,0,0,0
143,0,0,1,0,0,1,0,0
144,1,0,0,1,0,0,0,0
146,1,1,0,0,0,0,0,0
148,1,1,1,0,1,0,0,0
150,1,0,0,0,1,0,0,0
151,0,0,0,0,0,0,1,0
154,1,0,1,0,0,0,0,0
157,1,0,1,0,1,1,0,1
161,1,0,0,0,0,0,1,0
164,1,1,0,0,0,0,0,0
168,1,1,0,0,0,0,0,0
173,1,1,0,1,0,0,0,0
178,1,0,1,1,1,1,0,1
180,0,0,0,0,0,0,1,0
182,0,1,0,0,0,0,1,0
183,0,1,1,0,0,0,0,0
184,1,1,0,0,0,0,0,0
185,1,1,0,0,0,0,0,0
187,1,1,1,0,0,0,0,0
188,0,0,0,0,0,0,1,0
189,1,1,0,1,0,0,0,0
190,1,0,0,0,1,1,0,0
195,0,1,1,0,0,1,0,0
200,1,0,0,0,1,0,0,0
201,1,0,0,0,1,1,0,0
203,1,0,0,0,1,0,0,0
204,0,0,0,0,0,0,1,0
206,1,0,0,1,0,0,0,0
207,1,0,0,0,0,0,1,0
208,1,1,1,0,0,1,0,1
209,1,0,0,1,0,0,0,0
210,1,0,1,0,1,1,0,1
213,0,1,0,0,0,0,1,0
214,1,0,0,1,0,0,1,0
215,1,1,1,0,0,0,0,0
216,1,0,1,1,0,1,0,1
217,1,1,1,1,1,1,0,1
218,1,1,0,1,0,0,0,0
219,1,0,0,0,1,1,0,0
220,1,1,0,1,0,0,0,0
222,1,0,0,0,1,0,0,0
229,1,1,1,1,0,0,0,0
237,1,1,1,0,0,1,0,1
238,1,1,0,0,0,0,0,0
239,1,1,1,0,0,0,0,0
240,1,1,0,1,0,0,0,0
244,1,1,0,0,0,0,0,0
246,1,0,0,0,0,0,1,0
249,1,0,1,0,1,0,0,0
250,1,0,1,0,0,1,0,0
256,1,1,1,0,1,0,0,0
262,1,0,0,0,1,0,0,0
263,1,0,0,1,1,0,0,0
264,1,0,0,0,1,0,0,0
266,0,0,0,0,0,0,1,0
267,0,0,1,0,0,0,1,0
268,1,0,0,1,0,0,1,0
270,1,0,0,0,0,0,1,0
271,0,0,0,0,0,0,1,0
272,1,1,0,1,0,0,0,0
273,0,0,0,0,0,0,1,0
280,1,0,1,1,1,1,0,1
281,1,0,1,0,0,1,0,0
284,1,0,1,1,0,0,0,0
286,1,1,0,0,1,0,0,0
291,1,0,1,1,1,1,0,1
292,1,1,1,1,0,1,0,1
293,1,1,0,1,0,0,0,0
294,0,0,0,0,0,0,1,0
296,1,1,0,0,1,0,0,0
299,0,0,0,0,0,0,1,0
302,0,0,0,0,0,0,1,0
303,1,1,0,0,0,0,0,0
307,1,1,0,0,0,0,0,0
308,0,0,0,0,0,0,1,0
309,1,0,1,0,1,1,0,1
312,1,1,0,1,0,0,0,0
314,0,1,0,0,0,0,1,0
315,1,0,1,1,0,1,0,1
317,1,1,0,1,0,0,0,0
319,1,1,0,0,0,0,0,0
322,0,1,1,0,0,1,0,0
329,1,1,0,0,0,0,0,0
330,1,1,0,1,0,0,0,0
331,1,1,0,0,0,0,0,0
333,1,1,0,1,0,0,0,0
337,1,1,1,0,0,0,0,0
338,1,1,1,0,0,1,0,1
340,1,1,1,1,0,1,0,1
342,1,1,0,0,0,0,0,0
343,1,1,1,0,1,0,0,0
344,1,1,0,0,0,0,0,0
348,1,1,1,1,1,1,0,1
349,0,0,1,0,0,0,0,0
355,0,1,1,0,0,0,0,0
357,1,1,0,1,0,0,0,0
359,1,1,0,0,0,0,0,0
363,1,0,0,1,0,0,0,0
364,1,0,0,1,0,0,0,0
368,1,1,0,0,0,0,0,0
369,1,1,0,1,0,0,0,0
374,1,1,0,0,0,0,0,0
377,1,1,0,0,0,0,0,0
380,0,1,1,0,0,0,0,0
382,0,0,0,0,0,0,1,0
383,1,1,0,1,1,0,0,0
384,1,1,0,0,0,0,0,0
385,1,1,0,0,0,0,0,0
388,1,0,1,0,0,1,0,0
390,1,0,0,0,0,0,1,0
394,1,0,1,1,0,0,0,0
395,1,1,0,1,0,0,0,0
397,1,0,0,1,0,0,0,0
398,1,0,1,0,1,0,0,0
399,1,0,0,0,1,1,0,0
405,1,0,0,1,0,0,0,0
406,1,1,0,0,0,0,0,0
408,1,1,0,0,0,0,0,0
412,1,1,0,0,0,0,0,0
413,1,1,0,1,0,0,0,0
414,1,1,0,0,0,0,0,0
415,0,1,1,0,0,1,0,0
416,1,1,0,1,0,0,0,0
418,1,0,1,1,0,1,0,1
420,1,0,0,0,1,0,0,0
426,0,0,1,0,0,1,0,0
429,1,1,0,0,0,0,0,0
432,1,0,0,1,0,0,0,0
437,1,1,0,1,0,0,0,0
438,1,1,1,0,0,1,0,1
439,1,1,0,0,0,0,0,0
441,0,0,1,0,0,1,0,0
442,0,0,0,0,0,0,1,0
443,1,1,0,0,0,0,0,0
444,1,1,0,0,0,0,0,0
448,1,0,1,0,1,1,0,1
450,1,0,1,0,0,0,0,0
451,0,0,0,0,0,0,1,0
454,1,1,0,0,1,0,0,0
455,1,0,0,0,0,0,1,0
456,0,0,0,0,0,0,1,0
458,1,0,1,0,1,1,0,1
459,0,0,1,0,1,1,0,0
460,1,1,0,1,0,0,0,0
462,1,0,0,0,1,1,0,0
465,1,0,1,1,0,0,0,0
466,1,1,1,0,0,1,0,1
468,1,1,0,1,0,0,0,0
469,1,0,0,0,1,0,0,0
471,1,1,1,1,1,0,0,0
472,1,0,0,0,1,0,1,0
474,1,1,1,0,0,0,0,0
475,1,1,0,1,0,0,0,0
478,0,0,0,0,0,0,1,0
480,0,1,1,0,0,1,0,0
481,1,1,0,0,0,0,0,0
483,1,1,0,1,0,0,0,0
485,1,0,0,1,0,0,0,0
486,0,0,0,0,0,0,1,0
487,1,1,0,0,0,0,0,0
488,1,0,0,0,0,0,0,0
496,0,0,0,0,0,0,1,0
500,1,1,0,0,0,0,0,0
501,1,0,1,1,0,1,0,1
502,1,1,0,1,0,0,0,0
503,1,1,0,0,0,0,0,0
508,1,0,1,1,1,0,0,0
509,1,0,0,0,1,0,0,0
511,1,1,0,1,0,0,0,0
516,1,0,0,0,1,0,0,0
517,1,1,0,1,1,0,0,0
521,0,0,0,0,0,0,1,0
523,1,1,0,0,0,0,0,0
524,1,1,0,1,0,0,0,0
525,1,0,0,1,0,0,0,0
526,1,1,1,0,0,0,0,0
528,0,0,0,0,0,0,1,0
530,1,1,0,0,0,0,0,0
539,1,1,0,0,0,0,0,0
540,1,1,0,0,0,0,0,0
544,1,1,0,1,0,0,0,0
545,1,1,0,0,0,0,0,0
548,0,1,1,0,0,0,0,0
557,1,1,0,0,0,0,0,0
558,0,0,0,0,0,0,1,0
559,1,0,0,0,0,0,1,0
560,1,1,0,1,0,0,0,0
562,0,1,1,0,0,1,0,0
566,0,0,1,0,1,1,0,0
567,1,1,0,1,0,0,0,0
573,0,1,0,0,0,0,0,0
575,1,0,1,1,0,1,0,1
577,1,0,0,1,0,0,0,0
579,0,0,0,0,0,0,1,0
580,1,1,0,1,0,1,0,0
586,0,0,0,0,0,0,1,0
590,1,0,0,1,0,0,0,0
591,0,1,1,0,0,1,0,0
594,1,1,0,0,0,0,0,0
596,1,1,0,1,0,0,0,0
597,1,0,1,0,1,0,0,0
599,1,0,0,0,1,0,0,0
600,1,1,0,0,0,0,0,0
606,1,1,1,1,0,0,0,0
607,1,0,1,0,1,0,0,0
611,1,1,0,0,0,0,0,0
613,1,1,0,1,0,0,0,0
616,1,0,0,0,1,0,0,0
620,1,0,1,0,0,1,0,0
621,1,1,0,0,0,0,0,0
624,1,1,0,0,0,0,0,0
625,1,0,1,1,0,1,0,1
626,1,0,0,1,0,0,0,0
627,0,0,0,0,0,0,1,0
628,1,1,0,1,0,0,0,0
630,1,0,0,0,1,0,0,0
635,1,0,0,0,1,0,0,0
639,1,1,0,0,0,0,0,0
640,1,1,1,1,1,0,0,0
641,0,1,1,0,0,0,1,0
643,1,0,0,1,0,0,0,0
646,1,0,0,0,0,0,1,0
647,1,1,0,1,0,0,0,0
648,1,1,0,1,0,0,0,0
649,1,0,1,0,1,1,0,1
651,0,0,0,0,0,0,1,0
654,1,1,0,1,0,0,0,0
655,1,1,1,0,0,0,0,0
658,0,0,0,0,0,0,1,0
659,1,1,0,1,0,0,0,0
660,1,1,0,0,0,0,0,0
661,1,1,0,1,0,0,0,0
665,1,0,1,1,0,0,0,0
667,1,0,0,1,0,0,0,0
668,1,0,1,1,0,1,0,1
670,1,1,0,1,0,0,0,0
672,1,1,1,0,0,0,0,0
673,1,0,0,1,1,0,0,0
674,1,1,0,1,0,0,0,0
675,1,0,0,1,1,0,0,0
677,1,0,0,0,1,1,0,0
679,1,0,0,0,0,0,1,0
682,1,0,1,0,0,1,0,0
684,0,1,1,0,0,1,0,0
687,0,0,1,0,1,1,0,0
688,0,0,1,0,0,1,0,0
692,0,0,0,0,0,0,1,0
693,0,1,0,0,0,0,1,0
694,1,1,0,1,0,0,0,0
695,1,0,1,0,1,0,0,0
699,1,1,1,0,0,1,0,1
701,0,0,1,0,0,0,0,0
702,1,1,0,0,0,0,0,0
703,1,1,0,0,0,0,0,0
706,1,1,0,0,0,0,0,0
708,1,0,0,0,0,0,1,0
711,1,0,1,1,1,1,0,1
716,1,0,0,0,0,0,1,0
717,1,0,1,0,0,1,0,0
721,1,1,0,1,0,0,0,0
722,0,0,0,0,0,0,1,0
724,0,0,0,0,0,0,1,0
725,1,1,0,0,0,0,0,0
730,1,0,1,1,0,0,0,0
733,1,1,0,1,0,0,0,0
736,1,0,1,1,1,1,0,1
737,1,0,1,1,1,1,0,1
740,1,0,0,0,1,0,0,0
743,1,1,0,0,0,0,0,0
745,0,0,0,0,0,0,1,0
746,0,0,0,0,0,0,1,0
747,1,0,1,1,1,0,0,0
748,1,0,1,1,0,0,0,0
749,0,0,0,0,0,0,1,0
751,1,1,0,1,1,0,0,0
754,1,1,1,1,0,1,0,1
755,1,1,1,1,0,0,0,0
756,1,0,0,1,0,0,0,0
759,1,0,0,1,0,0,0,0
764,0,0,0,1,0,0,0,0
767,1,1,1,0,0,1,0,1
769,1,0,1,0,0,1,0,0
774,0,0,0,0,0,0,1,0
775,1,1,0,0,0,0,0,0
777,1,1,0,1,0,0,0,0
778,1,1,0,0,0,0,0,0
782,1,1,0,0,0,0,0,0
787,0,0,0,0,0,0,1,0
788,1,1,1,0,0,0,0,0
789,1,1,0,0,0,0,0,0
790,1,0,0,0,1,0,0,0
793,1,1,1,0,0,1,0,1
794,0,0,0,0,0,0,1,0
795,1,0,1,1,1,1,0,1
796,1,1,0,0,0,0,0,0
797,1,1,0,0,0,0,0,0
802,1,0,1,1,0,0,0,0
806,1,0,1,0,1,1,0,1
807,1,1,0,1,1,0,0,0
808,0,1,1,0,0,0,0,0
809,1,1,0,1,0,0,0,0
810,1,0,1,1,0,1,0,1
812,0,0,0,0,0,0,1,0
813,1,1,0,0,0,0,0,0
816,1,1,0,0,0,0,0,0
817,1,1,1,0,0,1,0,1
818,1,1,0,1,0,0,0,0
819,1,0,0,1,0,0,0,0
821,1,0,1,0,0,1,0,0
822,1,1,0,1,0,0,0,0
823,1,1,0,0,0,0,0,0
825,1,1,0,0,1,0,0,0
835,1,1,0,0,0,0,0,0
838,1,1,0,1,0,0,0,0
839,1,0,0,0,1,0,0,0
840,0,0,0,0,0,0,1,0
848,1,0,0,1,0,0,0,0
850,1,0,0,1,0,0,0,0
851,1,1,0,1,0,0,0,0
853,0,0,0,0,0,0,1,0
854,1,1,0,0,0,0,0,0
857,1,1,0,0,0,0,0,0
858,1,1,0,0,0,0,0,0
860,1,1,0,0,0,0,0,0
862,1,1,0,0,0,0,0,0
868,0,1,1,0,0,0,0,0
870,0,0,1,0,0,1,0,0
874,1,1,0,0,0,0,0,0
880,1,0,0,1,0,0,1,0
881,1,1,0,0,0,0,0,0
882,1,0,1,1,0,0,0,0
884,1,1,0,0,0,0,0,0
889,1,1,0,0,0,0,0,0
893,1,0,0,1,0,0,0,0
895,1,0,0,1,0,0,0,0
896,0,0,0,0,0,0,1,0
898,1,1,1,0,0,0,0,0
899,1,1,0,1,0,0,0,0
900,1,1,1,0,0,1,0,1
901,1,0,0,0,0,0,1,0
903,1,1,0,0,0,0,0,0
905,1,1,0,0,0,0,0,0
909,1,0,1,0,0,0,0,0
912,0,0,0,0,0,0,1,0
913,1,0,1,1,0,1,0,1
914,1,1,0,1,0,0,0,0
915,1,0,0,0,0,0,0,0
916,1,1,0,1,0,0,0,0
917,1,1,0,1,0,0,0,0
921,0,0,0,0,0,0,1,0
923,1,1,0,1,0,0,0,0
928,1,1,0,0,0,0,0,0
932,1,1,0,1,0,0,0,0
935,1,1,0,0,0,0,0,0
936,0,0,1,0,0,0,1,0
937,1,1,1,0,0,1,0,1
938,0,0,0,0,0,0,1,0
942,1,1,0,0,0,0,0,0
945,1,1,0,1,0,0,0,0
946,1,1,1,0,0,1,0,1
947,1,0,0,1,0,0,1,0
950,1,1,0,0,0,0,0,0
951,1,1,0,1,1,0,0,0
952,1,0,0,1,0,0,0,0
956,1,0,1,0,1,1,0,1
958,1,1,1,1,0,1,0,1
961,1,0,1,1,1,0,0,0
967,1,1,0,0,0,0,0,0
968,1,1,0,1,0,0,0,0
970,1,1,0,0,0,0,0,0
974,0,1,1,0,0,0,0,0
978,1,1,0,0,0,0,0,0
979,1,0,0,1,1,1,0,0
983,0,0,0,0,0,0,1,0
992,1,1,0,0,0,0,0,0
994,1,1,0,0,0,0,0,0
995,1,1,1,0,0,1,0,1
996,1,1,0,0,1,1,0,0
1000,1,1,1,0,0,1,0,1
1004,1,0,0,0,0,0,1,0
1006,1,1,1,0,0,1,0,1
1008,1,1,0,1,0,0,0,0
1011,1,1,0,0,0,0,1,0
1013,1,1,1,0,1,0,0,0
1017,1,1,0,0,0,0,0,0
1021,1,0,0,0,0,0,1,0
1022,1,1,0,1,0,0,0,0
1024,0,0,0,0,0,0,1,0
1028,1,1,0,0,0,0,0,0
1029,1,1,1,0,0,0,0,0
1030,1,1,0,1,0,0,0,0
1031,0,0,0,0,0,0,1,0
1032,1,1,1,1,1,1,0,1
1034,1,1,1,0,0,1,0,1
1037,1,1,0,0,0,0,0,0
1042,1,1,0,0,0,0,0,0
1046,1,0,0,1,0,0,0,0
1050,1,0,0,1,0,0,0,0
1051,1,1,0,0,0,0,0,0
1060,1,1,0,0,0,0,0,0
1062,0,0,0,1,0,0,1,0
1064,1,1,1,1,0,0,0,0
1066,1,1,0,0,1,0,0,0
1069,0,0,0,0,0,0,1,0
1071,0,0,0,0,0,0,1,0
1080,1,1,0,0,0,0,0,0
1081,0,0,0,0,0,0,1,0
1082,1,1,1,0,1,0,0,0
1084,1,1,1,1,1,1,0,1
1086,1,1,0,1,0,0,0,0
1088,0,0,1,0,0,0,1,0
1091,1,0,0,1,0,0,0,0
1092,1,1,0,0,0,0,0,0
1093,1,1,0,0,0,0,0,0
1096,1,0,1,0,1,1,0,1
1099,1,1,0,1,0,0,0,0
1100,1,1,0,0,0,0,1,0
1102,1,0,1,1,0,0,0,0
1104,1,0,0,1,0,0,0,0
1106,1,1,0,0,0,0,0,0
1108,1,1,0,1,0,0,0,0
1110,1,0,0,1,0,0,0,0
1115,1,0,0,1,0,0,0,0
1118,1,1,1,0,0,0,0,0
1119,1,1,1,1,0,1,0,1
1121,1,0,0,1,1,1,0,0
1122,1,0,0,0,0,0,1,0
1123,1,0,0,1,0,1,0,0
1125,1,0,1,0,0,1,0,0
1126,1,0,0,1,1,0,0,0
1127,1,0,0,1,1,0,0,0
1129,1,1,1,0,0,0,0,0
1131,1,1,0,1,0,0,0,0
1135,0,1,0,0,0,0,1,0
1136,1,0,1,0,0,1,0,0
1140,1,1,1,0,0,0,0,0
1145,1,1,1,0,0,1,0,1
1147,1,1,1,0,0,1,0,1
1149,1,1,0,0,0,0,0,0
1150,1,0,0,1,1,1,0,0
1153,1,1,0,0,0,0,0,0
1156,1,1,1,1,0,0,0,0
1157,1,1,0,0,0,0,0,0
1159,1,1,0,1,0,0,0,0
1160,1,0,1,0,1,1,0,1
1162,1,1,0,1,0,0,0,0
1163,0,0,0,0,0,0,1,0
1164,0,1,1,1,0,1,0,0
1165,1,1,0,1,0,0,0,0
1171,1,0,1,1,1,1,0,1
1172,1,1,1,1,1,0,0,0
1176,0,0,1,0,0,0,1,0
1179,1,1,0,1,0,0,0,0
1181,1,1,0,1,0,0,0,0
1182,1,0,0,0,0,0,1,0
1188,1,1,1,0,0,0,0,0
1190,1,1,0,0,0,0,0,0
1198,0,0,0,0,0,0,1,0
1200,1,0,1,0,1,1,0,1
1201,1,0,1,1,0,0,0,0
1202,1,1,0,1,1,0,0,0
1206,1,1,0,0,0,0,0,0
1209,1,0,0,1,1,0,0,0
1211,1,0,0,1,1,0,0,0
1214,1,0,1,0,1,1,0,1
1215,0,0,0,0,0,0,1,0
1222,0,0,0,0,0,0,1,0
1225,1,1,0,1,0,0,0,0
1226,1,1,0,1,0,0,0,0
1227,1,0,0,0,0,0,1,0
1229,1,1,0,0,0,0,0,0
1233,1,1,0,1,0,0,0,0
1234,1,0,0,1,0,0,1,0
1239,1,1,0,0,0,0,0,0
1241,1,1,1,0,0,0,0,0
1243,1,1,0,0,0,0,0,0
1246,1,0,1,0,1,1,0,1
1247,1,0,0,1,0,0,0,0
1248,1,0,0,0,0,0,1,0
1249,1,1,0,0,0,0,0,0
1258,1,0,0,0,0,0,1,0
1263,1,0,1,0,0,0,0,0
1264,1,0,1,0,1,1,0,1
1270,0,0,0,0,0,0,1,0
1272,1,1,0,0,0,0,0,0
1274,1,1,0,1,0,0,0,0
1276,1,0,0,1,0,0,0,0
1277,1,0,0,1,0,0,0,0
1278,1,0,0,0,1,0,0,0
1281,0,1,0,0,0,0,1,0
1284,1,0,1,1,0,0,0,0
1286,1,1,0,0,0,0,0,0
1290,0,0,0,0,0,0,1,0
1293,1,0,1,1,1,1,0,1
1295,0,0,0,0,0,0,1,0
1296,0,0,0,0,0,0,1,0
1298,1,1,0,1,0,0,0,0
1299,1,1,0,1,0,0,0,0
1302,1,1,0,0,0,0,0,0
1303,1,1,1,0,0,0,0,0
1305,1,1,1,1,0,1,0,1
1307,1,0,1,1,0,1,0,1
1310,1,0,1,1,0,0,0,0
1311,1,1,0,0,0,0,0,0
1314,0,1,1,0,0,1,0,0
1316,0,0,0,0,0,0,1,0
1317,1,1,0,0,0,0,0,0
1319,1,1,0,1,0,0,0,0
1321,1,0,0,1,0,0,0,0
1322,0,0,0,0,0,0,1,0
1323,0,0,0,0,0,0,1,0
1329,1,0,1,0,0,0,0,0
1330,1,1,0,1,0,0,0,0
1331,1,1,1,0,1,1,0,1
1332,1,0,0,0,1,1,0,0
1337,1,1,0,1,0,0,0,0
1340,1,1,0,0,0,0,0,0
1342,1,1,0,0,1,0,0,0
1343,1,1,1,0,0,0,0,0
1344,1,1,0,0,0,0,0,0
1349,1,1,0,0,0,0,0,0
1359,1,1,0,0,0,0,0,0
1360,1,1,1,1,0,0,0,0
1364,1,0,0,0,1,1,0,0
1366,1,0,0,1,1,0,0,0
1367,1,0,1,0,1,1,0,1
1368,1,0,0,0,1,1,0,0
1369,1,1,0,1,0,0,0,0
1372,1,1,0,1,0,0,0,0
1373,1,1,1,0,0,0,0,0
1378,1,1,0,0,0,0,0,0
1379,1,1,0,0,0,0,0,0
1383,1,1,0,0,0,0,0,0
1384,0,0,1,0,0,1,0,0
1385,1,1,0,1,0,0,0,0
1388,1,0,1,0,0,1,0,0
1391,0,0,0,0,0,0,1,0
1392,0,0,0,0,0,0,1,0
1394,1,1,0,0,0,0,0,0
1396,1,0,1,1,1,1,0,1
1398,1,0,0,0,0,0,1,0
1400,0,0,0,0,0,0,1,0
1401,1,1,1,0,0,0,0,0
1402,1,1,0,0,0,0,0,0
1403,1,1,0,0,0,0,0,0
1404,1,0,0,0,1,0,0,0
1406,1,0,0,1,1,0,0,0
1407,1,0,0,0,1,0,0,0
1411,1,0,0,1,0,0,0,0
1412,1,1,0,0,0,0,0,0
1414,1,1,0,0,0,0,0,0
1417,0,0,0,0,0,0,1,0
1421,0,0,0,0,0,0,1,0
1423,0,0,0,0,0,0,1,0
1424,0,0,0,0,0,0,1,0
1426,1,1,0,0,0,0,0,0
1427,0,0,0,0,0,0,1,0
1428,1,1,0,1,0,0,0,0
1429,1,0,1,1,0,0,0,0
1430,0,0,0,0,0,0,1,0
1431,1,0,1,1,1,0,0,0
1432,1,1,0,1,0,0,0,0
1434,1,1,0,0,0,0,0,0
1437,1,1,0,0,0,0,0,0
1438,1,0,0,0,0,0,1,0
1442,0,0,0,0,0,0,1,0
1445,1,0,0,0,0,0,1,0
1446,1,0,1,0,1,0,0,0
1449,1,0,0,1,1,0,0,0
1452,1,1,0,0,1,0,0,0
1453,1,1,0,0,1,1,0,0
1457,1,1,0,1,1,0,0,0
1458,1,0,1,1,0,0,0,0
1459,1,1,0,0,1,0,0,0
1463,1,0,0,1,0,0,0,0
1466,0,0,0,0,0,0,1,0
1469,1,1,1,0,1,1,0,1
1470,1,0,1,0,0,0,0,0
1474,1,0,1,0,1,0,0,0
1477,1,1,0,1,1,1,0,0
1485,0,1,0,0,0,0,1,0
1488,1,1,0,1,0,0,0,0
1494,0,0,1,0,1,1,0,0
1495,1,1,0,0,0,0,0,0
1496,1,0,0,0,1,0,0,0
1497,1,0,1,0,1,1,0,1
1498,0,0,0,0,0,0,1,0
1499,1,0,1,0,0,0,0,0
1500,1,0,0,0,0,0,0,0
1501,1,0,0,0,0,0,0,0
1505,0,0,0,0,0,0,1,0
1507,1,1,0,0,0,0,0,0
1508,0,1,0,0,0,0,1,0
1509,1,1,0,1,0,0,0,0
1510,0,0,0,0,0,0,1,0
1512,1,1,0,1,0,0,0,0
1515,1,0,0,1,0,0,0,0
1518,1,1,0,0,0,0,0,0
1521,1,1,0,0,0,0,0,0
1522,1,0,1,0,1,1,0,1
1526,1,0,0,0,1,1,0,0
1530,1,0,0,1,0,0,0,0
1533,1,1,0,0,0,0,0,0
1537,0,0,0,0,0,0,1,0
1541,0,0,1,0,0,0,0,0
1542,1,0,1,1,0,1,0,1
1546,1,0,0,0,1,1,0,0
1554,0,1,1,0,0,1,0,0
1557,0,0,0,0,0,0,1,0
1558,1,1,0,1,0,0,0,0
1561,1,1,0,1,0,0,0,0
1562,0,0,0,0,0,0,1,0
1567,1,0,0,1,0,0,0,0
1569,1,1,0,0,0,0,0,0
1572,1,1,0,0,0,0,0,0
1575,1,1,1,0,0,1,0,1
1577,1,0,0,1,0,0,0,0
1580,1,1,0,0,0,0,0,0
1582,1,1,0,0,0,0,1,0
1583,0,0,0,0,0,0,1,0
1587,1,0,0,1,0,0,0,0
1588,1,0,0,0,1,0,0,0
1589,1,1,0,1,0,0,0,0
1590,1,1,0,0,0,0,0,0
1599,1,0,0,0,1,1,0,0
1602,1,1,0,0,0,0,0,0
1606,1,1,1,1,0,0,0,0
1608,1,1,1,1,0,0,0,0
1613,1,0,0,1,0,0,0,0
1614,1,1,0,1,0,0,0,0
1615,1,1,0,0,0,0,0,0
1618,1,0,1,0,0,0,0,0
1620,1,1,0,0,0,0,0,0
1621,1,0,0,1,0,0,0,0
1625,0,1,1,0,0,1,0,0
1627,0,0,0,0,0,0,1,0
1628,0,0,0,0,0,0,1,0
1636,1,1,0,0,0,0,0,0
1643,0,0,0,0,0,0,1,0
1646,1,0,1,0,0,1,0,0
1647,0,1,0,0,0,0,1,0
1649,0,0,0,0,0,0,1,0
1653,1,1,0,0,0,0,0,0
1654,1,1,1,1,0,1,0,1
1655,1,0,0,0,0,0,1,0
1658,0,0,0,0,0,0,1,0
1663,1,1,0,0,0,0,0,0
1664,1,1,1,0,0,1,0,1
1668,1,0,1,0,0,0,0,0
1673,1,0,0,0,1,1,0,0
1675,1,0,0,0,1,1,0,0
1676,1,1,0,0,1,0,0,0
1682,1,1,0,1,0,1,0,0
1683,1,1,0,0,0,0,0,0
1685,1,1,0,1,0,0,0,0
1686,1,0,0,1,0,0,0,0
1687,1,0,0,1,0,0,1,0
1688,1,1,0,0,0,0,0,0
1690,1,1,1,1,0,0,0,0
1691,1,0,0,0,1,0,0,0
1693,1,1,0,0,0,0,0,0
1696,1,0,1,1,1,1,0,1
1699,1,0,0,0,1,0,0,0
1700,1,1,0,0,0,0,0,0
1704,1,1,0,0,0,0,0,0
1705,1,0,0,1,1,0,0,0
1710,1,0,0,1,0,0,0,0
1712,0,1,1,0,0,1,0,0
1714,1,0,0,1,1,0,0,0
1715,0,0,0,0,0,0,1,0
1716,1,0,0,1,0,0,0,0
1720,1,1,1,1,0,0,0,0
1721,1,0,0,1,0,0,0,0
1724,1,0,0,1,0,0,0,0
1725,1,0,1,0,0,0,0,0
1726,1,1,1,0,0,1,0,1
1730,1,1,0,1,1,0,0,0
1731,1,1,0,0,0,0,0,0
1732,0,0,0,0,0,0,1,0
1733,0,0,1,0,0,1,0,0
1734,1,0,0,0,1,1,0,0
1735,1,1,0,0,0,0,0,0
1736,1,1,0,0,1,0,0,0
1737,1,1,0,0,1,0,0,0
1738,1,0,1,1,0,0,0,0
1739,0,0,0,0,0,0,1,0
1743,0,0,0,0,0,0,1,0
1744,0,0,0,0,0,0,1,0
1748,1,0,1,1,0,1,0,1
1753,1,1,0,0,0,0,0,0
1754,1,1,1,0,1,0,0,0
1755,1,0,0,1,0,0,0,0
1757,1,1,0,0,1,0,0,0
1759,0,0,0,0,0,0,1,0
1760,1,0,1,1,0,0,0,0
1761,1,1,0,0,0,0,0,0
1764,1,1,0,0,0,0,0,0
1765,1,0,1,1,0,0,0,0
1768,1,1,0,1,0,0,0,0
1771,1,1,1,1,1,1,0,1
1782,1,1,0,1,1,0,0,0
1783,1,0,0,1,0,0,0,0
1784,1,1,0,0,0,0,0,0
1786,1,1,0,1,0,0,0,0
1790,1,1,0,0,0,0,0,0
1792,1,0,0,1,0,0,0,0
1794,1,1,0,1,0,0,0,0
1795,1,1,0,0,0,0,0,0
1796,1,1,1,0,0,0,0,0
1798,1,1,0,1,0,0,0,0
1799,1,1,0,1,0,0,0,0
1802,1,0,0,0,0,0,1,0
1805,1,1,0,0,0,0,0,0
1807,1,0,1,1,0,0,0,0
1808,0,0,0,0,0,0,1,0
1810,1,0,0,0,1,0,0,0
1814,1,0,1,0,1,1,0,1
1816,0,0,0,0,0,0,1,0
1818,1,1,1,0,0,1,0,1
1819,1,1,1,1,0,0,0,0
1822,0,0,1,0,0,0,1,0
1823,1,0,0,1,0,0,0,0
1824,1,1,1,1,0,0,0,0
1830,1,1,0,0,0,0,0,0
1831,1,1,0,1,0,0,0,0
1834,1,1,1,0,0,0,0,0
1835,1,1,0,0,0,0,0,0
1836,1,1,0,0,0,0,0,0
1837,1,1,0,1,0,0,0,0
1838,1,0,0,1,0,0,0,0
1840,1,1,1,0,0,1,0,1
1842,1,1,0,0,0,0,0,0
1844,1,1,0,0,0,0,0,0
1847,0,0,0,0,0,0,1,0
1850,1,1,0,0,0,0,0,0
1851,1,1,0,0,0,0,0,0
1855,1,0,0,1,0,0,0,0
1856,1,1,1,1,0,1,0,1
1859,1,1,0,0,0,0,0,0
1860,1,1,0,0,0,0,0,0
1864,0,0,1,0,0,0,1,0
1867,1,0,0,0,0,0,1,0
1870,1,0,0,0,1,1,0,0
1874,1,1,0,0,0,0,0,0
1877,0,0,0,0,0,0,1,0
1878,1,0,0,1,0,0,0,0
1881,1,1,1,1,0,0,0,0
1887,0,0,0,0,0,0,1,0
1895,1,1,0,1,0,0,0,0
1896,1,0,0,1,0,0,0,0
1900,1,0,0,1,1,0,0,0
1903,1,1,0,1,0,0,0,0
1907,1,1,1,0,1,1,0,1
1910,1,1,1,0,1,0,0,0
1912,0,0,0,0,0,0,1,0
1915,0,0,0,0,0,0,1,0
1918,1,1,0,0,0,0,0,0
1919,1,0,0,0,0,0,1,0
1922,1,1,0,0,0,0,0,0
1923,1,1,1,0,0,0,0,0
1924,1,0,0,0,1,0,0,0
1926,1,0,0,0,0,0,1,0
1930,1,1,0,0,0,0,1,0
1934,1,0,1,1,0,1,0,1
1935,1,1,1,0,0,1,0,1
1936,1,0,0,0,0,0,1,0
1939,1,1,0,1,0,0,0,0
1942,1,1,0,0,0,0,0,0
1944,0,0,0,0,0,0,1,0
1945,1,0,0,1,0,0,0,0
1946,0,0,0,0,0,0,1,0
1949,1,1,0,0,0,0,0,0
1950,1,1,0,0,0,0,0,0
1951,0,0,0,0,0,0,1,0
1954,0,0,0,0,0,0,1,0
1956,1,1,0,0,0,0,0,0
1961,1,0,0,0,1,0,0,0
1962,1,0,0,0,1,0,0,0
1963,1,1,1,0,0,0,0,0
1964,0,0,0,0,0,1,1,0
1965,1,0,0,1,0,0,0,0
1969,1,1,0,0,0,0,0,0
1970,1,1,0,1,0,0,0,0
1972,1,0,0,1,0,0,0,0
1976,1,1,1,0,0,0,0,0
1980,1,1,1,1,0,0,0,0
1981,1,0,0,0,1,0,1,0
1982,1,1,0,0,0,0,0,0
1983,1,1,0,0,0,0,0,0
1986,0,0,0,0,0,0,1,0
1987,0,0,1,0,1,1,0,0
1989,0,0,1,0,0,1,0,0
1992,0,0,0,0,0,0,1,0
1993,0,0,0,0,0,0,1,0
1995,1,0,0,0,1,0,0,0
1996,1,1,0,0,0,0,0,0
2002,1,1,0,1,0,0,0,0
2003,0,0,0,0,0,0,1,0
2006,1,0,0,1,0,0,0,0
2007,1,1,0,1,0,0,0,0
2008,1,1,1,0,0,1,0,1
2010,1,0,0,1,0,0,0,0
2012,1,0,1,0,1,1,0,1
2015,1,0,0,0,1,0,1,0
2017,1,1,0,0,0,0,0,0
2020,1,0,0,1,1,0,0,0
2023,1,1,1,0,0,0,0,0
2024,1,1,0,1,0,0,0,0
2027,1,0,0,1,0,0,0,0
2030,1,0,0,0,1,1,0,0
2032,0,0,0,0,0,0,1,0
2035,1,0,0,0,1,1,0,0
2045,1,1,0,1,0,0,0,0
2052,0,0,0,0,0,0,1,0
2053,1,1,0,0,0,0,0,0
2054,1,0,0,1,0,0,0,0
2055,1,1,0,0,0,0,0,0
2057,1,1,0,0,0,0,0,0
2058,1,0,0,1,0,0,0,0
2060,1,0,0,1,1,1,0,0
2061,0,1,1,1,0,1,0,0
2065,1,0,0,1,1,0,0,0
2066,1,1,0,0,0,0,0,0
2072,1,0,0,1,1,0,0,0
2073,1,0,0,1,0,0,1,0
2074,0,0,0,0,0,0,1,0
2076,1,0,0,1,0,0,0,0
2077,1,1,0,0,0,0,0,0
2089,1,0,1,1,0,1,0,1
2090,1,0,1,1,0,0,0,0
2092,1,1,0,0,0,0,0,0
2094,1,1,0,0,0,0,0,0
2098,1,1,1,0,1,1,0,1
2099,1,0,0,0,0,0,1,0
2101,0,0,0,0,0,0,1,0
2102,1,1,1,1,1,1,0,1
2103,0,0,0,0,0,0,1,0
2104,1,1,0,1,0,0,0,0
2105,1,1,0,0,0,0,0,0
2106,1,1,0,0,0,0,0,0
2111,0,0,0,0,0,0,1,0
2114,1,0,0,1,1,0,0,0
2115,0,0,0,0,0,0,1,0
2123,1,0,0,1,0,0,0,0
2124,1,1,0,0,0,0,0,0
2125,1,1,0,0,1,0,0,0
2126,1,1,0,0,0,0,0,0
2130,1,0,1,1,0,1,0,1
2135,1,0,0,1,0,0,0,0
2136,1,1,1,1,0,0,0,0
2139,0,1,1,0,0,1,0,0
2140,1,0,1,1,1,1,0,1
2142,1,0,1,1,0,0,0,0
2148,1,0,1,0,1,1,0,1
2149,0,0,0,0,0,0,1,0
2150,1,1,0,0,0,0,0,0
2151,1,1,0,1,0,0,0,0
2153,1,0,0,0,1,1,0,0
2157,1,0,1,0,1,1,0,1
2158,1,1,0,1,0,0,0,0
2160,1,1,0,1,0,0,0,0
2161,1,0,1,1,1,1,0,1
2163,1,0,0,1,0,0,0,0
2165,1,0,0,1,1,0,0,0
2166,1,1,0,0,0,0,0,0
2167,1,1,0,0,1,0,0,0
2173,1,0,0,0,1,1,0,0
2177,1,1,0,0,0,0,0,0
2180,1,0,0,0,1,0,1,0
2188,1,1,0,0,0,0,0,0
2189,1,0,0,0,1,0,0,0
2190,1,0,0,0,1,0,0,0
2193,0,0,0,0,0,0,1,0
2195,0,1,1,0,0,1,0,0
2196,1,0,1,0,1,1,0,1
2197,1,1,0,1,0,0,0,0
2198,1,1,0,1,0,0,0,0
2201,0,0,0,0,0,0,1,0
2207,1,1,0,1,0,0,0,0
2209,1,0,1,0,1,0,0,0
2211,0,0,0,0,0,0,1,0
2217,1,0,1,0,1,1,0,1
2218,1,1,0,0,0,0,0,0
2219,1,1,0,0,0,0,0,0
2220,0,0,0,0,0,0,1,0
2221,1,1,1,0,0,0,0,0
2223,1,0,0,0,1,0,1,0
2224,1,1,0,0,0,0,0,0
2226,1,1,0,0,0,0,0,0
2227,1,0,0,0,0,0,1,0
2236,1,0,1,0,1,1,0,1
2238,1,1,0,1,0,0,0,0
2240,1,1,0,0,0,0,0,0
2242,0,1,1,0,0,1,0,0
2244,1,1,0,1,0,0,0,0
2246,1,1,0,0,0,0,0,0
2247,1,1,0,0,1,0,0,0
2248,1,0,0,0,0,0,1,0
2252,1,1,0,0,0,0,0,0
2253,1,0,0,1,0,0,0,0
2256,1,0,1,1,0,0,0,0
2260,0,0,0,0,0,0,1,0
2261,1,0,1,1,1,0,0,0
2263,1,1,0,0,0,0,0,0
2264,1,1,0,1,0,0,0,0
2265,1,1,1,1,0,1,0,1
2269,1,1,0,0,0,0,0,0
2270,0,0,0,0,0,0,1,0
2275,1,1,0,0,0,0,0,0
2280,0,0,1,1,0,1,0,0
2282,1,1,0,1,0,0,0,0
2285,1,0,0,0,0,0,1,0
2286,1,0,1,0,1,1,0,1
2287,1,0,1,1,1,1,0,1
2288,1,0,0,1,0,0,0,0
2290,0,0,0,0,0,0,1,0
2291,1,0,0,1,1,0,0,0
2293,1,0,0,1,0,0,0,0
2296,1,1,0,1,0,0,0,0
2298,1,1,0,0,0,0,0,0
2299,1,1,1,0,1,1,0,1
2300,1,0,0,1,1,0,0,0
2301,0,1,1,0,0,0,0,0
2302,1,1,0,0,0,0,0,0
2308,0,1,0,0,0,1,0,0
2309,1,0,1,1,1,1,0,1
2310,1,1,0,0,0,0,0,0
2311,1,1,1,0,0,0,0,0
2312,1,0,0,1,0,0,0,0
2313,1,1,0,0,0,0,0,0
2314,1,0,0,1,0,0,0,0
2315,1,0,0,1,0,0,0,0
2316,1,1,0,0,0,0,0,0
2317,1,1,0,0,0,0,0,0
2318,1,0,0,1,0,0,0,0
2319,0,0,0,0,0,0,1,0
2320,1,0,0,0,1,0,0,0
2321,0,0,0,0,0,0,1,0
2324,0,0,0,0,0,0,1,0
2327,0,0,0,0,0,0,1,0
2329,0,1,1,0,0,1,0,0
2332,1,1,0,1,1,0,0,0
2338,0,1,1,0,0,1,0,0
2339,1,1,0,0,0,0,0,0
2340,1,0,0,1,0,0,0,0
2343,1,0,1,1,0,0,0,0
2348,1,1,1,0,0,1,0,1
2355,1,0,1,0,0,0,0,0
2361,1,0,0,1,0,0,0,0
2364,0,1,1,0,0,1,0,0
2368,1,1,0,0,0,1,0,0
2370,1,1,0,0,0,0,0,0
2373,1,1,0,0,0,0,0,0
2374,1,1,0,0,0,0,0,0
2375,1,0,0,0,1,1,0,0
2376,1,0,0,1,0,0,0,0
2382,1,1,0,1,1,0,0,0
2383,1,1,0,0,0,0,0,0
2386,1,0,0,1,0,0,0,0
2387,1,0,0,1,0,0,0,0
2388,0,0,0,0,0,0,1,0
2390,1,1,0,0,0,0,0,0
2391,1,1,0,0,1,0,0,0
2394,1,0,0,0,1,1,0,0
2395,1,1,0,1,0,0,0,0
2397,1,0,1,0,0,0,1,0
2398,1,1,0,0,0,0,0,0
2402,0,0,0,0,0,0,1,0
2404,0,0,0,0,0,0,1,0
2405,1,0,0,0,1,0,0,0
2407,1,1,0,0,0,0,0,0
2410,1,1,0,0,0,0,0,0
2412,0,1,1,0,0,0,0,0
2414,1,1,0,1,0,0,0,0
2418,1,0,0,1,0,0,0,0
2419,0,1,0,0,0,0,1,0
2420,1,0,0,0,1,0,0,0
2422,0,1,1,0,0,1,0,0
2431,1,1,0,0,0,0,0,0
2434,1,0,0,1,0,0,0,0
2435,1,0,0,0,1,0,0,0
2439,1,1,0,1,0,0,0,0
2444,1,1,0,0,0,0,0,0
2446,1,1,0,0,0,0,0,0
2450,0,0,1,0,0,1,0,0
2453,1,0,0,1,0,0,0,0
2454,1,1,0,1,1,1,0,0
2455,1,1,0,0,0,0,0,0
2459,1,0,0,0,0,0,0,0
2460,1,0,0,0,1,0,0,0
2464,1,0,0,1,0,0,0,0
2466,1,0,1,0,1,1,0,1
2470,1,1,0,1,0,0,0,0
2471,1,1,0,1,0,0,0,0
2473,1,1,0,0,1,0,0,0
2474,1,0,0,1,0,0,0,0
2477,1,1,0,0,0,1,0,0
2478,1,0,1,0,0,1,0,0
2485,0,1,1,0,0,0,0,0
2487,1,0,0,0,0,0,1,0
2488,1,0,0,1,0,0,0,0
2489,1,0,0,1,0,0,0,0
2490,1,0,0,1,0,0,0,0
2494,1,0,1,1,0,1,0,1
2495,1,0,0,1,0,0,0,0
2499,1,0,0,0,0,0,1,0
2500,0,1,0,0,0,0,1,0
2503,0,0,0,0,0,0,1,0
2507,0,0,0,0,0,0,1,0
2508,1,0,0,1,0,0,0,0
2512,1,1,0,1,0,0,0,0
2514,1,1,0,0,1,0,0,0
2518,1,1,0,0,0,0,0,0
2524,1,1,0,1,0,0,0,0
2525,1,1,0,1,0,0,0,0
2528,1,1,0,0,0,0,0,0
2530,1,0,0,1,0,0,0,0
2531,0,0,0,0,0,0,1,0
2532,1,0,0,1,0,0,0,0
2535,1,1,0,0,0,0,0,0
2536,1,0,0,0,1,1,0,0
2539,1,1,0,1,0,0,0,0
2540,1,1,0,0,0,0,0,0
2542,1,1,0,1,0,0,0,0
2545,1,1,0,0,0,0,0,0
2548,1,0,0,0,0,0,1,0
2549,1,1,0,0,0,0,0,0
2554,1,1,0,0,0,0,0,0
2556,0,0,0,0,0,0,1,0
2558,1,0,1,0,0,0,0,0
2560,1,1,0,0,0,0,0,0
2562,1,0,0,1,1,0,0,0
2564,0,0,1,0,0,1,0,0
2566,1,0,0,1,0,0,0,0
2572,1,1,0,0,0,0,0,0
2573,1,0,0,1,0,0,0,0
2575,1,1,0,1,0,0,0,0
2577,1,1,0,0,0,0,0,0
2578,1,1,1,0,0,0,0,0
2580,1,0,0,1,0,0,0,0
2581,0,0,0,0,0,0,1,0
2583,0,0,0,0,0,0,1,0
2587,0,0,0,0,0,0,1,0
2588,1,0,1,0,1,0,0,0
2589,1,0,1,0,1,1,0,1
2591,0,0,0,0,0,0,1,0
2593,1,1,0,0,0,0,0,0
2595,1,1,1,0,0,0,0,0
2596,1,0,0,1,1,0,0,0
2598,0,0,0,0,0,0,1,0
2600,1,1,0,0,0,0,0,0
2604,1,1,0,1,0,0,0,0
2606,0,0,1,0,0,0,1,0
2608,1,1,0,0,0,0,1,0
2609,1,1,1,0,0,1,0,1
2610,1,1,0,0,0,0,0,0
2615,1,1,0,0,0,0,0,0
2619,1,0,0,0,1,0,0,0
2622,0,0,0,0,0,0,1,0
2623,1,1,1,1,0,0,0,0
2625,1,0,1,1,0,0,0,0
2626,1,0,0,0,0,0,1,0
2627,1,1,1,0,0,0,0,0
2628,1,0,0,1,0,0,0,0
2633,1,1,0,1,0,0,0,0
2636,1,1,0,0,0,0,0,0
2637,1,0,0,0,1,0,0,0
2638,1,0,1,1,0,0,0,0
2639,1,0,0,1,0,0,0,0
2643,1,0,0,0,1,0,0,0
2644,1,1,0,1,0,0,0,0
2645,1,1,0,0,0,0,0,0
2649,0,0,0,0,0,0,1,0
2651,0,1,1,0,0,0,0,0
2654,1,0,0,1,0,0,0,0
2655,1,0,0,1,0,0,0,0
2659,1,1,0,0,0,0,0,0
2660,1,0,0,1,0,0,0,0
2662,1,0,0,1,0,0,0,0
2665,1,1,0,1,0,0,0,0
2666,1,1,1,1,1,1,0,1
2670,1,1,0,0,0,0,0,0
2671,1,0,1,0,0,1,0,0
2672,1,1,0,0,0,0,0,0
2673,1,1,0,0,0,0,0,0
2676,1,1,0,1,0,0,0,0
2677,1,1,0,0,0,0,0,0
2678,0,0,0,0,0,0,1,0
2682,1,1,1,0,0,0,0,0
2683,0,0,0,0,0,0,1,0
2685,1,1,1,1,0,1,0,1
2686,0,0,0,0,0,0,1,0
2688,1,1,0,1,1,0,0,0
2691,0,1,1,0,0,1,0,0
2693,1,1,0,0,0,0,0,0
2699,1,1,0,1,0,0,0,0
2700,1,0,0,1,0,0,0,0
2702,1,1,0,1,0,0,0,0
2703,1,1,0,0,0,0,0,0
2705,1,0,0,1,0,0,0,0
2706,0,0,0,0,0,0,1,0
2708,1,0,1,1,0,0,0,0
2709,1,1,0,0,0,0,0,0
2710,1,1,0,0,0,0,0,0
2716,0,0,0,0,0,0,1,0
2721,1,1,0,0,0,0,0,0
2722,1,1,0,1,0,0,0,0
2723,1,1,0,0,0,0,0,0
2724,1,0,0,1,0,0,0,0
2732,1,0,0,0,1,1,0,0
2735,1,0,1,0,1,0,0,0
2736,1,0,1,0,1,0,0,0
2739,1,1,0,0,0,0,0,0
2741,1,1,0,0,0,0,0,0
2743,1,1,0,1,0,0,0,0
2746,0,0,0,0,0,0,1,0
2747,1,1,0,0,1,0,0,0
2750,0,1,0,0,0,0,1,0
2751,1,1,0,0,0,0,0,0
2754,0,0,0,0,0,0,1,0
2756,0,0,0,0,0,0,1,0
2757,1,1,0,1,0,0,0,0
2759,1,0,0,1,0,0,0,0
2762,1,1,0,1,0,0,0,0
2765,1,1,0,1,0,0,0,0
2773,1,0,0,1,0,0,0,0
2776,1,0,0,1,0,0,0,0
2777,1,1,1,1,0,0,0,0
2778,1,0,0,1,0,0,0,0
2779,1,1,1,0,0,1,0,1
2783,1,1,0,1,0,0,0,0
2784,1,1,0,1,0,0,0,0
2790,1,1,0,1,0,0,0,0
2791,0,0,1,0,1,1,0,0
2792,1,1,1,0,0,0,0,0
2796,1,1,0,0,0,0,0,0
2797,0,0,0,1,0,0,1,0
2798,1,1,0,0,1,1,0,0
2804,1,1,0,1,0,0,0,0
2807,1,0,0,1,0,0,0,0
2808,1,1,0,0,0,0,0,0
2811,1,1,0,0,0,0,0,0
2813,1,0,0,1,1,0,0,0
2815,0,1,1,0,0,1,0,0
2816,1,1,0,1,0,0,0,0
2818,1,1,0,0,0,0,0,0
2819,0,1,0,0,0,0,1,0
2820,1,1,0,0,0,0,0,0
2821,1,0,0,0,0,0,1,0
2825,1,1,0,0,1,0,0,0
2828,1,0,0,1,0,0,1,0
2830,1,1,0,1,1,0,0,0
2831,1,0,1,0,1,1,0,1
2836,1,1,0,1,0,0,0,0
2838,1,1,0,1,0,0,0,0
2839,1,1,1,1,0,0,0,0
2840,0,0,0,0,0,0,1,0
2844,1,0,0,0,0,0,0,0
2845,1,1,1,0,0,0,0,0
2847,0,0,0,0,0,0,1,0
2848,1,1,0,1,0,0,0,0
2850,1,1,1,1,0,0,0,0
2851,1,1,0,0,0,0,0,0
2852,1,0,0,0,0,1,0,0
2853,1,0,1,1,0,1,0,1
2854,1,1,1,1,0,1,0,1
2855,1,0,1,1,0,0,0,0
2860,1,0,0,1,0,0,0,0
2861,1,0,0,1,0,0,0,0
2862,1,1,0,0,0,0,0,0
2863,0,0,1,0,0,0,1,0
2869,1,0,0,0,1,1,0,0
2872,0,1,0,0,0,0,1,0
2873,0,0,0,1,0,0,1,0
2874,1,1,0,0,0,0,0,0
2875,1,0,1,0,1,0,0,0
2877,1,1,0,1,0,0,0,0
2878,1,1,0,0,0,0,0,0
2879,1,0,0,1,0,0,0,0
2880,0,0,0,0,0,0,1,0
2885,1,1,0,0,0,0,0,0
2887,1,1,1,1,0,1,0,1
2890,1,0,1,1,0,0,0,0
2891,1,1,0,0,1,0,0,0
2893,0,0,0,0,0,0,1,0
2895,1,0,0,0,1,0,0,0
2899,1,1,0,0,0,0,0,0
2902,1,0,0,0,0,0,1,0
2903,1,1,0,0,0,0,0,0
2905,1,1,0,0,1,0,0,0
2907,1,1,0,1,0,0,0,0
2908,1,1,0,0,0,0,0,0
2917,1,1,1,1,0,1,0,1
2920,1,1,0,0,0,0,0,0
2923,1,0,1,0,1,1,0,1
2926,1,0,1,1,1,1,0,1
2927,1,1,0,1,0,0,0,0
2929,1,0,0,0,0,0,1,0
2934,0,0,0,0,0,0,1,0
2938,1,0,0,0,0,0,1,0
2942,0,0,0,0,0,0,1,0
2945,1,0,0,0,0,0,1,0
2946,0,0,0,0,0,0,1,0
2948,1,1,0,0,1,0,0,0
2950,1,0,0,1,0,0,0,0
2951,0,0,0,0,0,0,1,0
2952,1,0,1,1,0,1,0,1
2954,0,0,1,0,1,1,0,0
2956,0,0,0,0,0,0,1,0
2959,0,0,1,0,0,0,1,0
2960,1,1,0,1,0,0,0,0
2962,1,0,1,0,1,1,0,1
2963,1,1,0,1,0,0,0,0
2968,0,1,0,0,0,0,1,0
2971,1,1,0,1,0,0,0,0
2972,1,1,0,0,0,0,0,0
2973,1,0,0,1,0,0,0,0
2976,1,1,0,1,0,0,0,0
2977,1,1,0,1,0,0,0,0
2978,1,0,0,1,0,0,0,0
2979,1,0,1,0,1,1,0,1
2982,1,1,1,1,0,0,0,0
2985,1,1,0,1,0,0,0,0
2987,1,1,1,0,0,1,0,1
2988,0,1,0,0,0,0,1,0
2992,1,1,0,1,0,0,0,0
2993,0,0,0,0,0,1,0,0
2994,0,1,1,0,1,0,0,0
2997,1,0,1,0,0,0,0,0
3001,0,0,0,0,0,0,1,0
3002,1,0,1,0,1,1,0,1
3008,1,1,0,0,1,0,0,0
3009,1,1,0,0,0,0,0,0
3010,0,0,0,0,0,0,1,0
3011,1,1,1,1,0,0,0,0
3012,1,1,0,0,0,0,0,0
3014,1,0,1,0,0,1,0,0
3021,0,0,0,0,0,0,1,0
3022,1,1,1,1,0,1,0,1
3023,1,1,0,0,0,0,0,0
3024,1,1,0,0,0,0,0,0
3025,1,1,1,0,0,0,0,0
3034,1,0,0,1,0,0,0,0
3035,0,0,1,0,0,0,0,0
3036,1,0,0,1,0,0,0,0
3042,1,1,0,1,0,0,0,0
3044,1,0,0,1,0,0,0,0
3052,1,1,0,0,0,0,0,0
3054,1,0,1,1,0,1,0,1
3059,0,0,0,0,0,0,1,0
3064,0,0,0,0,0,0,1,0
3067,1,0,1,1,0,1,0,1
3068,0,0,0,0,0,0,1,0
3069,1,0,1,0,1,1,0,1
3070,1,0,0,1,1,0,0,0
3075,1,1,1,0,0,1,0,1
3076,1,1,0,1,0,0,0,0
3078,1,1,0,0,1,0,0,0
3081,1,0,0,0,1,0,1,0
3085,1,0,0,0,0,0,1,0
3089,1,0,0,0,0,0,1,0
3090,1,0,0,0,1,0,0,0
3091,1,1,0,1,0,0,0,0
3093,1,1,0,0,0,0,0,0
3094,1,1,0,0,0,0,0,0
3097,1,1,0,0,0,0,0,0
3099,0,0,0,0,0,0,1,0
3100,1,1,0,1,0,0,0,0
3101,1,1,0,1,0,0,0,0
3103,1,1,0,0,0,0,0,0
3104,1,1,0,0,0,0,0,0
3107,0,0,0,0,0,0,1,0
3110,0,0,0,0,0,0,1,0
3111,1,0,1,1,0,0,0,0
3112,1,1,0,1,0,0,0,0
3115,1,1,0,1,0,0,0,0
3116,1,0,0,0,0,0,1,0
3118,1,0,0,0,1,0,0,0
3119,0,0,0,0,0,0,1,0
3120,1,0,0,1,0,0,0,0
3122,1,1,0,0,0,0,0,0
3123,1,0,0,1,0,0,0,0
3128,1,0,0,0,0,0,1,0
3133,1,0,0,0,1,0,0,0
3135,1,0,0,1,0,0,0,0
3139,1,1,0,1,0,0,0,0
3140,1,1,1,0,0,0,0,0
3143,1,1,0,0,0,0,0,0
3151,1,0,1,1,1,0,0,0
3152,1,1,0,0,0,0,0,0
3155,1,1,1,1,1,0,0,0
3157,1,0,1,0,1,1,0,1
3158,1,1,1,0,0,1,0,1
3159,1,1,0,0,1,0,0,0
3161,0,0,0,0,0,0,1,0
3165,0,1,0,0,0,0,1,0
3166,1,1,0,1,0,0,0,0
3167,1,0,1,1,0,0,0,0
3168,1,0,0,1,0,0,0,0
3169,1,1,0,1,1,1,0,0
3175,1,0,0,1,0,0,0,0
3180,1,0,0,0,1,1,0,0
3181,0,0,0,0,0,0,1,0
3184,0,1,1,0,0,0,1,0
3186,1,1,0,0,0,0,0,0
3192,1,0,1,0,0,1,0,0
3197,1,1,0,1,0,0,0,0
3200,1,0,0,0,1,0,0,0
3202,1,1,0,0,0,0,0,0
3207,1,0,1,0,1,1,0,1
3208,1,1,0,0,0,0,0,0
3210,1,1,0,0,0,0,0,0
3212,0,0,1,0,0,0,1,0
3214,0,0,1,0,0,0,1,0
3215,0,0,0,0,0,0,1,0
3216,1,0,0,1,0,0,0,0
3221,1,1,0,0,0,0,0,0
3223,1,0,0,1,0,0,0,0
3225,1,1,0,0,0,0,0,0
3227,1,1,0,1,0,0,0,0
3228,1,1,0,0,0,0,0,0
3229,1,0,0,0,0,0,1,0
3230,1,0,1,0,1,0,0,0
3231,1,0,0,1,1,0,0,0
3232,1,1,0,0,0,0,0,0
3233,1,0,1,0,1,1,0,1
3238,1,1,0,1,0,0,0,0
3239,1,0,0,1,0,0,0,0
3243,1,1,1,0,0,1,0,1
3244,1,0,0,0,1,1,0,0
3245,1,0,0,1,0,0,0,0
3248,1,0,0,0,1,0,0,0
3252,1,0,1,1,1,1,0,1
3253,1,0,1,0,0,0,0,0
3256,1,1,0,1,0,0,0,0
3257,1,1,0,0,0,0,0,0
3261,0,0,0,0,0,0,1,0
3262,1,0,0,0,1,0,1,0
3266,1,0,1,1,0,0,0,0
3268,1,1,0,0,1,0,0,0
3280,1,0,1,0,1,1,0,1
3281,1,1,0,1,0,0,0,0
3285,0,0,0,0,0,0,1,0
3288,1,0,0,1,0,0,0,0
3291,1,1,0,0,0,0,0,0
3292,1,0,0,1,0,0,0,0
3296,1,0,0,1,0,0,0,0
3299,1,1,1,1,0,0,0,0
3300,0,0,0,0,0,0,1,0
3301,1,0,0,0,1,0,0,0
3302,1,1,1,0,0,0,0,0
3304,1,0,1,0,1,1,0,1
3305,1,1,0,0,0,0,0,0
3306,1,1,0,0,0,0,0,0
3308,1,1,0,1,0,0,0,0
3311,1,1,0,0,0,0,0,0
3313,1,1,1,0,1,1,0,1
3314,1,0,1,1,0,0,0,0
3317,1,1,0,1,1,0,0,0
3318,1,0,0,0,1,0,0,0
3319,1,1,0,0,0,0,0,0
3323,1,0,0,1,0,0,0,0
3324,1,0,0,0,1,1,0,0
3326,1,1,0,0,0,0,0,0
3327,1,1,1,0,0,1,0,1
3328,0,1,0,0,0,0,1,0
3332,1,1,0,0,0,0,0,0
3337,1,1,0,0,0,0,0,0
3338,1,1,0,0,0,0,0,0
3339,0,1,1,0,0,0,0,0
3342,1,0,1,1,1,1,0,1
3343,1,1,1,0,0,1,0,1
3345,0,0,1,0,0,0,1,0
3349,0,0,0,0,0,0,1,0
3350,0,0,0,0,0,0,1,0
3353,1,1,0,0,0,0,0,0
3354,1,0,0,1,0,0,0,0
3355,1,1,0,0,0,0,0,0
3356,1,1,0,1,0,0,0,0
3361,1,1,0,1,0,0,0,0
3364,1,1,1,1,0,1,0,1
3367,1,1,1,0,0,1,0,1
3370,1,0,0,0,0,1,0,0
3371,1,1,0,0,0,0,0,0
3372,1,1,0,1,0,0,0,0
3373,1,1,0,1,0,0,0,0
3377,1,0,1,0,1,1,0,1
3378,0,1,1,0,0,0,0,0
3379,0,0,0,0,0,0,1,0
3383,1,0,1,0,1,1,0,1
3385,1,0,0,0,1,0,0,0
3387,0,1,0,0,0,0,1,0
3388,1,1,1,1,0,1,0,1
3396,1,1,0,1,0,0,0,0
3397,1,1,0,0,0,0,0,0
3401,1,0,0,0,1,0,0,0
3403,0,1,1,0,0,0,0,0
3404,1,1,0,0,0,0,0,0
3407,1,1,1,1,1,1,0,1
3411,1,0,0,1,0,0,0,0
3412,1,0,1,1,0,1,0,1
3413,1,1,0,0,0,0,0,0
3414,0,0,0,0,0,0,1,0
3415,1,1,1,1,0,1,0,1
3417,1,0,0,0,1,0,0,0
3419,1,1,0,0,0,0,0,0
3420,1,0,0,1,0,0,0,0
3422,1,1,0,1,0,0,0,0
3430,1,1,0,1,0,0,0,0
3431,0,0,0,0,0,0,1,0
3432,0,0,0,0,0,0,1,0
3434,1,1,1,0,0,1,0,1
3435,1,1,1,1,0,1,0,1
3436,1,1,0,0,0,0,0,0
3438,1,0,1,0,1,1,0,1
3446,1,1,0,1,1,0,0,0
3447,1,1,1,0,0,0,0,0
3450,0,0,0,0,0,0,1,0
3451,1,1,0,0,0,0,0,0
3454,1,0,0,1,0,0,0,0
3457,1,1,0,0,0,0,0,0
3462,1,1,1,0,0,1,0,1
3463,1,0,0,1,0,0,0,0
3464,0,1,0,0,0,0,1,0
3465,1,0,1,1,0,0,0,0
3469,1,1,0,0,0,0,0,0
3472,1,0,0,1,0,0,0,0
3474,1,1,0,0,0,0,0,0
3477,1,0,0,1,1,1,0,0
3478,1,0,1,1,1,0,0,0
3479,1,1,0,0,0,0,0,0
3481,1,0,0,1,1,0,0,0
3485,0,1,1,0,0,1,0,0
3486,1,1,0,0,0,0,0,0
3487,1,1,0,0,0,0,0,0
3491,1,0,0,0,1,0,0,0
3492,0,0,1,0,0,1,0,0
3493,1,1,0,0,0,0,0,0
3494,1,0,1,0,0,0,0,0
3497,0,0,0,0,0,0,1,0
3498,1,1,1,0,0,1,0,1
3500,1,1,1,1,0,0,0,0
3502,0,0,0,0,0,0,1,0
3504,1,0,1,0,1,1,0,1
3508,1,1,0,0,0,0,0,0
3511,1,1,1,1,0,0,0,0
3512,1,1,0,1,0,0,0,0
3513,1,0,1,0,1,1,0,1
3516,1,0,1,1,1,0,0,0
3517,1,1,0,0,0,1,0,0
3519,0,0,0,0,0,0,1,0
3521,1,1,0,0,0,0,0,0
3523,0,1,0,0,0,0,1,0
3525,0,0,0,0,0,0,1,0
3527,1,0,0,0,1,1,0,0
3528,1,1,0,0,0,0,0,0
3529,0,1,1,0,0,1,0,0
3532,0,0,0,0,0,0,1,0
3533,1,0,0,1,0,0,0,0
3534,1,1,0,1,0,0,0,0
3535,1,1,0,0,0,0,0,0
3536,1,1,0,0,0,0,0,0
3537,1,1,1,0,0,0,0,0
3543,1,0,0,0,1,0,0,0
3546,1,1,0,1,0,0,0,0
3549,1,1,1,1,0,1,0,1
3550,1,1,0,0,0,0,0,0
3555,1,1,0,0,0,0,0,0
3556,1,1,1,1,1,1,0,1
3557,1,1,0,0,0,0,0,0
3558,1,1,0,1,0,0,0,0
3561,1,0,1,1,1,1,0,1
3563,1,1,0,0,0,0,0,0
3565,1,0,0,0,1,0,0,0
3566,1,0,0,0,0,0,1,0
3572,0,0,0,0,0,0,1,0
3575,1,0,0,1,0,0,0,0
3580,1,1,1,1,0,0,0,0
3581,1,0,0,0,1,1,0,0
3582,0,0,1,0,0,0,1,0
3583,1,0,1,0,0,1,0,0
3586,1,0,0,0,0,0,1,0
3588,1,1,0,0,0,0,0,0
3590,0,0,0,0,0,0,1,0
3592,1,1,0,1,0,0,0,0
3595,0,1,1,0,0,0,0,0
3597,1,1,0,1,0,0,0,0
3605,1,0,0,0,0,0,1,0
3607,1,1,0,0,0,0,0,0
3611,1,1,1,1,0,1,0,1
3612,0,0,1,0,0,0,0,0
3619,1,1,0,0,0,0,0,0
3620,1,0,0,1,1,1,0,0
3624,1,0,1,1,0,1,0,1
3625,1,1,0,1,0,0,0,0
3626,1,1,1,1,0,0,0,0
3631,0,0,0,0,0,0,1,0
3632,1,1,0,0,0,0,0,0
3633,1,1,0,1,0,0,0,0
3634,1,1,0,0,0,0,0,0
3637,1,0,0,1,1,1,0,0
3638,1,1,0,0,0,0,0,0
3639,0,1,1,0,0,0,0,0
3641,0,1,0,0,0,0,1,0
3647,0,0,0,0,0,0,1,0
3652,1,1,1,1,0,0,0,0
3655,1,0,0,1,1,1,0,0
3657,0,1,1,0,0,1,0,0
3660,1,0,0,1,1,0,0,0
3662,1,0,0,1,0,0,0,0
3671,1,1,0,0,0,0,0,0
3672,1,0,0,0,0,0,1,0
3674,1,1,0,1,0,0,0,0
3677,1,0,0,1,0,0,0,0
3678,1,1,0,1,0,0,0,0
3679,0,0,0,0,0,0,1,0
3680,1,0,0,0,1,0,0,0
3682,1,1,0,0,0,0,0,0
3683,1,0,0,1,0,0,0,0
3684,1,0,0,0,0,0,1,0
3687,1,0,0,1,0,0,0,0
3688,1,1,0,0,0,0,0,0
3689,1,0,0,1,0,0,0,0
3694,1,1,1,0,0,1,0,1
3696,0,1,1,0,0,0,0,0
3697,1,0,0,1,0,0,0,0
3698,1,0,0,1,1,0,0,0
3699,1,1,0,0,0,0,0,0
3706,1,1,0,0,0,0,0,0
3707,0,0,0,0,0,0,1,0
3709,1,1,0,1,0,0,0,0
3713,1,1,0,0,0,0,0,0
3714,1,0,0,1,0,0,0,0
3715,1,0,0,0,0,0,1,0
3716,1,0,1,0,1,1,0,1
3723,1,1,0,0,0,0,0,0
3724,1,0,1,1,0,1,0,1
3729,1,1,1,0,0,0,0,0
3731,1,1,0,0,1,0,0,0
3733,1,1,1,0,0,0,0,0
3735,1,1,0,0,0,0,0,0
3737,1,1,1,0,0,0,0,0
3739,1,1,0,0,0,0,0,0
3741,1,1,0,0,0,0,0,0
3745,1,0,0,0,1,0,0,0
3747,1,0,0,1,0,0,0,0
3748,1,0,0,0,1,0,0,0
3749,1,0,1,1,0,0,0,0
3750,1,1,0,0,1,0,0,0
3751,0,0,0,0,0,0,1,0
3753,1,1,0,0,0,0,0,0
3758,1,0,0,1,0,0,0,0
3759,1,0,0,0,1,1,0,0
3763,0,1,1,0,1,1,0,0
3769,1,1,1,0,1,1,0,1
3770,1,0,0,1,0,0,0,0
3772,1,1,1,1,0,0,0,0
3773,0,0,0,1,0,0,1,0
3774,1,1,0,0,0,0,0,0
3776,1,1,0,1,0,1,0,0
3777,1,0,1,1,1,1,0,1
3778,1,0,0,0,1,1,0,0
3783,0,0,0,0,0,0,1,0
3788,1,1,0,0,0,0,0,0
3789,0,0,1,0,0,0,1,0
3791,0,0,0,0,0,0,1,0
3792,1,1,0,0,0,0,0,0
3794,1,1,0,0,0,0,0,0
3796,1,1,0,0,0,0,0,0
3800,1,1,0,0,0,0,0,0
3801,1,0,1,1,0,0,0,0
3802,0,0,1,0,0,1,0,0
3803,1,1,0,1,0,0,0,0
3804,1,1,0,1,0,0,0,0
3807,1,0,0,1,0,0,0,0
3808,1,1,0,1,0,0,0,0
3809,1,0,0,1,1,1,0,0
3810,1,1,0,0,0,0,0,0
3813,1,1,1,0,0,1,0,1
3815,1,1,1,0,0,1,0,1
3816,0,1,0,0,0,0,1,0
3817,1,0,1,1,0,0,0,0
3818,1,1,1,0,0,0,0,0
3819,1,0,0,1,0,0,0,0
3820,1,0,0,1,0,0,0,0
3825,1,0,0,1,1,0,0,0
3832,1,1,1,1,0,0,0,0
3837,1,0,0,1,0,0,0,0
3842,0,0,0,0,0,0,1,0
3844,1,0,1,0,1,1,0,1
3845,1,1,0,1,0,0,0,0
3846,1,1,0,0,0,0,0,0
3847,1,0,1,1,1,0,0,0
3849,1,1,0,0,0,0,0,0
3852,1,1,0,0,0,0,0,0
3853,1,1,0,1,0,0,0,0
3854,1,1,0,0,0,0,0,0
3855,0,0,0,0,0,0,1,0
3859,1,0,0,1,1,0,0,0
3863,1,0,0,1,0,0,0,0
3864,1,1,0,0,0,0,0,0
3865,1,1,0,1,0,0,0,0
3868,1,1,0,1,0,0,0,0
3869,1,0,1,0,1,1,0,1
3871,1,0,0,0,1,0,0,0
3872,1,0,1,0,1,1,0,1
3873,1,1,0,1,0,0,0,0
3874,1,1,0,0,0,0,0,0
3876,1,0,0,1,0,0,0,0
3877,0,1,0,0,0,0,1,0
3878,0,1,1,0,0,0,0,0
3879,0,1,0,0,0,0,1,0
3880,0,0,0,0,0,0,1,0
3881,1,1,1,0,0,0,0,0
3882,1,1,0,1,0,0,0,0
3884,1,1,0,0,0,0,0,0
3885,1,1,0,0,0,0,0,0
3886,1,1,0,1,0,0,0,0
3889,1,0,0,1,0,0,0,0
3890,1,1,0,1,0,0,0,0
3897,1,1,0,0,0,0,0,0
3899,1,0,1,1,1,1,0,1
3902,1,1,0,1,0,0,0,0
3905,0,0,0,0,0,0,1,0
3907,1,0,1,0,0,0,0,0
3908,1,1,1,1,1,0,0,0
3911,1,1,0,0,0,0,0,0
3914,1,1,0,1,0,0,0,0
3916,1,0,0,0,0,0,1,0
3917,1,0,0,0,1,1,0,0
3918,1,0,0,1,0,0,0,0
3919,1,0,0,1,0,0,0,0
3922,0,1,1,0,0,1,0,0
3924,1,1,0,0,0,0,0,0
3926,1,0,0,1,0,0,0,0
3930,1,1,0,1,1,0,0,0
3931,1,1,0,0,0,0,0,0
3933,1,1,0,1,0,0,0,0
3942,0,0,0,0,0,0,1,0
3943,1,0,0,1,1,0,0,0
3945,1,0,0,1,0,0,1,0
3948,1,1,0,0,0,0,0,0
3949,0,0,0,0,0,0,1,0
3951,0,0,0,0,0,0,1,0
3954,0,0,0,0,0,0,1,0
3956,1,1,0,0,0,0,0,0
3957,0,1,1,0,0,1,0,0
3965,0,1,1,0,0,1,0,0
3967,0,0,0,0,0,0,1,0
3968,1,0,0,0,0,0,1,0
3970,1,1,0,0,0,0,0,0
3971,1,1,1,0,0,0,0,0
3972,1,0,1,1,0,0,0,0
3973,1,1,1,1,0,0,0,0
3974,0,0,0,0,0,0,1,0
3975,1,1,0,0,0,0,0,0
3979,1,1,0,0,0,0,0,0
3982,1,1,0,0,0,0,0,0
3983,1,0,0,1,0,0,1,0
3987,1,0,0,1,0,0,0,0
3990,0,1,0,0,0,0,1,0
3994,1,0,0,0,1,0,0,0
3996,1,0,0,1,1,0,0,0
3998,1,0,0,0,0,0,1,0
3999,1,1,0,1,0,0,0,0
4000,1,0,0,1,0,0,0,0
4002,0,0,0,0,0,0,1,0
4003,1,1,0,1,0,0,0,0
4006,1,0,0,0,1,0,0,0
4013,0,0,0,0,0,0,1,0
4016,0,1,0,0,0,0,1,0
4023,0,1,1,0,0,0,0,0
4024,1,0,1,0,1,0,0,0
4026,0,0,0,0,0,0,1,0
4027,0,0,1,0,1,1,0,0
4029,0,0,0,0,0,0,1,0
4030,0,0,0,0,0,0,1,0
4031,1,1,0,0,0,0,0,0
4032,1,0,0,0,0,0,1,0
4034,1,0,0,0,1,0,0,0
4037,1,1,1,1,0,0,0,0
4038,1,0,0,0,1,1,0,0
4039,0,0,0,0,0,0,1,0
4044,1,1,0,0,0,0,0,0
4047,1,1,0,0,0,0,0,0
4055,1,1,0,1,0,0,0,0
4056,1,0,0,1,0,0,0,0
4058,1,1,0,1,0,0,0,0
4059,1,1,0,0,0,0,0,0
4061,1,1,0,1,0,0,0,0
4063,1,1,0,0,0,0,0,0
4066,1,0,1,1,0,1,0,1
4070,1,0,1,0,1,1,0,1
4073,1,1,1,0,0,1,0,1
4077,1,0,0,0,1,0,1,0
4082,1,0,1,0,1,1,0,1
4087,1,1,0,1,0,0,0,0
4088,1,1,0,1,0,0,0,0
4091,1,1,0,1,0,0,0,0
4092,1,1,0,0,0,0,0,0
4093,1,1,0,1,0,0,0,0
4096,1,1,0,0,0,0,0,0
4099,0,1,0,0,0,0,1,0
4102,1,0,0,0,1,0,0,0
4103,1,0,1,1,0,0,0,0
4104,1,0,0,1,0,0,0,0
4105,1,0,0,0,1,0,0,0
4106,1,1,1,1,0,1,0,1
4108,1,1,0,0,0,0,0,0
4110,1,1,0,0,1,1,0,0
4114,1,0,0,1,0,0,0,0
4115,1,0,0,0,1,1,0,0
4117,1,0,0,0,1,0,0,0
4119,1,1,0,0,0,0,0,0
4121,0,0,0,0,0,0,1,0
4122,0,0,1,0,0,1,0,0
4124,1,1,0,0,0,0,0,0
4127,1,1,0,0,0,0,0,0
4130,1,1,1,0,0,0,0,0
4131,1,0,0,1,0,0,0,0
4133,1,0,1,0,1,1,0,1
4136,0,0,0,0,0,0,1,0
4137,1,1,0,1,0,0,0,0
4139,1,0,0,1,0,0,0,0
4140,1,0,0,0,1,0,1,0
4142,0,1,1,0,0,1,0,0
4143,1,0,0,1,0,0,0,0
4144,0,0,0,0,0,0,1,0
4145,1,1,0,1,0,0,0,0
4147,1,1,0,0,0,0,0,0
4149,1,1,0,0,0,0,0,0
4150,1,0,1,0,1,0,0,0
4151,1,1,0,0,0,0,0,0
4152,1,1,0,0,0,0,0,0
4154,1,0,0,0,0,0,0,0
4159,1,0,1,0,0,0,0,0
4160,1,1,1,1,0,1,0,1
4161,1,0,1,0,1,1,0,1
4163,0,0,0,0,0,0,1,0
4165,1,1,0,1,0,0,0,0
4166,1,1,1,0,0,1,0,1
4167,1,0,0,0,0,0,0,0
4168,1,0,0,1,1,0,0,0
4172,1,0,0,1,0,0,0,0
4175,1,0,0,0,1,0,0,0
4176,1,1,0,1,0,0,0,0
4186,1,1,0,0,0,0,0,0
4187,1,1,1,1,0,0,0,0
4189,1,0,0,0,0,0,1,0
4190,1,0,0,1,0,0,0,0
4193,1,1,0,0,0,0,0,0
4194,0,0,0,0,0,0,1,0
4195,1,1,0,0,0,0,0,0
4197,1,0,0,1,1,0,0,0
4202,1,0,0,0,1,0,0,0
4205,1,1,0,0,0,0,0,0
4206,1,1,0,0,0,1,0,0
4214,0,0,0,0,0,0,1,0
4216,1,1,0,0,0,0,0,0
4217,0,0,1,0,1,1,0,0
4218,1,1,0,0,0,0,0,0
4219,1,0,0,1,0,0,0,0
4220,1,1,1,0,0,0,0,0
4222,1,1,0,1,0,0,0,0
4226,1,1,0,0,1,0,0,0
4229,1,1,0,1,0,0,0,0
4232,1,1,0,0,0,0,0,0
4235,0,0,0,0,0,0,1,0
4236,1,0,1,0,1,0,0,0
4238,1,1,0,0,0,0,0,0
4241,1,1,1,0,0,0,0,0
4242,1,1,0,0,1,0,0,0
4243,0,0,0,0,0,0,1,0
4244,0,1,0,0,0,0,0,0
4245,1,1,0,0,0,0,0,0
4246,1,1,0,0,0,0,0,0
4250,0,0,0,0,0,0,1,0
4252,1,1,0,1,0,0,0,0
4254,0,0,0,0,0,0,1,0
4256,0,1,1,0,0,0,0,0
4257,1,1,1,0,0,1,0,1
4258,1,1,0,0,0,0,0,0
4262,1,1,1,0,1,0,0,0
4263,0,1,1,0,0,0,0,0
4266,1,1,0,0,0,0,0,0
4268,0,0,1,0,1,1,0,0
4269,1,0,0,0,0,0,1,0
4274,1,0,0,1,0,0,0,0
4277,1,0,1,0,0,0,0,0
4280,1,1,0,0,0,0,0,0
4283,1,1,0,1,0,0,0,0
4284,1,0,0,1,0,0,0,0
4285,1,1,0,0,0,0,0,0
4288,1,0,1,0,1,1,0,1
4289,1,0,1,0,1,1,0,1
4291,0,0,0,0,0,0,1,0
4292,1,0,1,0,1,1,0,1
4293,1,0,0,1,0,0,0,0
4294,0,0,0,0,0,0,1,0
4295,1,1,0,0,0,0,0,0
4296,1,1,0,0,0,0,0,0
4297,1,0,1,1,0,0,0,0
4303,0,1,0,0,0,0,1,0
4305,1,0,0,1,0,0,0,0
4306,1,0,0,0,1,0,0,0
4307,1,1,0,0,0,0,0,0
4312,1,0,1,0,1,1,0,1
4313,1,1,0,0,0,0,0,0
4315,1,0,1,0,0,0,0,0
4316,1,0,1,0,0,1,0,0
4321,1,0,1,0,0,0,0,0
4330,0,0,1,0,0,0,0,0
4334,1,0,0,0,1,0,0,0
4337,0,0,0,0,0,0,1,0
4340,0,1,0,0,0,1,0,0
4346,1,0,0,0,1,0,0,0
4352,1,1,0,0,0,0,0,0
4361,1,1,0,0,0,0,0,0
4362,1,1,0,0,0,0,0,0
4368,1,0,0,1,1,0,0,0
4369,1,1,0,0,0,0,0,0
4373,0,0,0,1,0,0,1,0
4378,1,1,0,1,0,0,0,0
4379,1,1,0,0,0,0,0,0
4381,1,1,0,1,0,0,0,0
4382,1,1,0,0,0,0,0,0
4383,1,0,0,1,0,0,0,0
4386,1,1,0,1,0,0,0,0
4387,1,0,1,0,1,1,0,1
4388,1,0,0,1,0,0,0,0
4389,1,0,1,0,0,0,0,0
4390,1,0,1,1,0,0,0,0
4395,1,1,1,1,0,1,0,1
4399,0,0,0,0,0,0,1,0
4402,1,1,0,0,0,0,0,0
4405,1,1,0,1,0,0,0,0
4413,1,1,0,0,0,0,0,0
4414,1,0,0,1,0,0,0,0
4415,0,0,0,0,0,0,1,0
4417,0,0,1,0,1,1,0,0
4424,1,0,0,1,0,0,0,0
4427,1,1,0,0,0,0,0,0
4429,1,0,0,1,1,0,0,0
4430,1,1,0,0,0,0,0,0
4432,1,1,0,0,0,0,0,0
4433,0,0,0,0,0,0,1,0
4434,1,0,0,0,1,0,0,0
4436,0,0,0,0,0,0,1,0
4438,1,1,1,1,0,0,0,0
4439,1,1,0,1,0,0,0,0
4440,0,0,1,0,0,0,1,0
4443,1,1,0,1,0,0,0,0
4444,1,1,0,1,0,0,0,0
4445,1,1,0,0,0,0,0,0
4446,1,1,0,1,0,0,0,0
4448,1,1,0,1,0,0,0,0
4449,1,1,0,1,0,0,0,0
4450,1,1,0,1,0,0,0,0
4455,0,1,0,0,0,0,1,0
4456,1,1,0,0,0,0,0,0
4457,1,0,1,1,0,1,0,1
4458,1,0,0,1,0,0,0,0
4459,1,1,0,0,0,0,0,0
4460,1,0,1,1,1,0,0,0
4461,1,1,0,0,0,0,0,0
4462,1,1,0,1,0,0,0,0
4464,1,0,0,1,0,0,0,0
4466,1,1,0,1,0,0,0,0
4467,1,0,0,1,0,0,0,0
4469,1,1,0,0,0,0,0,0
4472,1,1,1,0,0,0,0,0
4474,1,0,0,1,0,0,0,0
4475,1,0,0,1,0,0,1,0
4476,1,0,0,1,0,0,0,0
4480,1,0,1,1,1,1,0,1
4482,1,1,0,1,0,0,0,0
4483,1,0,0,0,1,0,0,0
4490,1,1,0,0,0,0,0,0
4491,0,1,1,0,0,1,0,0
4492,1,1,0,1,0,0,0,0
4493,1,0,0,1,0,0,0,0
4495,1,1,0,0,0,0,0,0
4496,1,0,0,1,0,0,0,0
4502,0,1,1,1,0,0,0,0
4503,1,0,0,1,0,0,0,0
4505,1,0,1,1,0,0,0,0
4509,1,1,0,1,0,0,0,0
4516,0,1,0,0,0,0,1,0
4517,1,1,0,0,1,0,0,0
4518,1,1,0,1,0,0,0,0
4519,1,1,0,0,0,0,0,0
4520,1,1,1,0,0,1,0,1
4522,1,0,0,1,0,0,0,0
4523,1,0,0,1,1,0,0,0
4525,1,0,0,1,0,0,0,0
4526,1,0,0,1,1,1,0,0
4528,0,1,1,0,0,1,0,0
4532,1,0,1,0,0,1,0,0
4533,1,1,0,0,0,0,0,0
4536,0,0,0,0,0,0,1,0
4537,1,0,0,0,1,0,1,0
4538,1,0,1,1,0,1,0,1
4540,1,1,0,0,0,0,0,0
4544,1,1,0,0,0,0,0,0
4546,0,0,0,0,0,0,1,0
4548,1,0,0,1,0,0,0,0
4549,1,0,1,1,0,1,0,1
4552,1,1,1,0,0,0,0,0
4554,1,0,0,1,1,0,0,0
4556,1,0,0,1,0,0,0,0
4558,1,0,0,1,0,0,0,0
4559,1,0,0,0,1,0,0,0
4561,1,1,0,1,0,0,0,0
4566,1,0,1,0,0,1,0,0
4568,0,0,0,0,0,0,1,0
4570,1,1,1,0,0,0,0,0
4571,1,1,0,0,0,0,0,0
4574,1,0,0,1,0,0,0,0
4575,1,0,1,0,0,0,0,0
4576,1,0,1,0,1,1,0,1
4579,1,0,0,0,0,0,1,0
4580,1,1,0,0,1,0,0,0
4581,1,1,0,0,0,0,0,0
4582,1,0,0,0,1,1,0,0
4586,1,1,0,0,0,0,0,0
4588,1,1,1,0,0,0,0,0
4589,1,0,0,0,0,0,1,0
4590,1,0,0,1,0,0,0,0
4591,1,1,0,0,0,0,0,0
4592,1,1,0,1,0,0,0,0
4594,1,1,0,0,0,0,0,0
4599,1,0,1,0,0,0,0,0
4600,1,1,0,0,0,0,0,0
4601,1,0,0,0,1,1,0,0
4603,0,0,1,0,1,1,0,0
4607,0,0,1,0,0,0,1,0
4608,1,0,0,1,1,0,0,0
4610,0,0,0,0,0,0,1,0
4615,1,1,0,0,0,0,0,0
4618,0,1,1,0,0,0,0,0
4620,1,0,0,1,0,0,0,0
4621,1,0,0,1,0,0,0,0
4622,1,1,0,1,0,0,0,0
4623,1,0,0,1,0,0,0,0
4625,1,1,0,0,0,0,0,0
4626,1,1,1,0,0,1,0,1
4630,1,0,0,1,0,0,0,0
4631,1,0,1,1,0,0,0,0
4634,1,0,0,1,0,0,0,0
4636,0,0,0,0,0,0,1,0
4637,0,0,0,0,0,0,1,0
4641,1,0,0,1,1,0,0,0
4642,1,1,0,1,0,0,0,0
4650,1,1,0,1,0,0,0,0
4652,1,1,0,0,0,0,0,0
4653,1,0,1,0,0,0,0,0
4654,1,1,1,1,1,0,0,0
4658,0,1,0,0,0,0,1,0
4662,1,1,0,0,0,0,0,0
4663,1,1,0,1,0,0,0,0
4664,1,1,0,0,0,0,0,0
4666,0,0,0,0,0,0,1,0
4668,1,1,0,0,0,0,0,0
4670,1,1,0,0,0,0,0,0
4673,0,0,0,0,0,0,1,0
4675,1,1,1,0,0,1,0,1
4677,0,1,1,0,0,0,0,0
4678,1,1,1,1,0,1,0,1
4679,1,0,0,0,1,0,0,0
4681,0,0,0,0,0,0,1,0
4686,1,1,0,0,0,0,0,0
4687,1,1,0,0,0,0,0,0
4689,1,0,1,0,1,0,0,0
4690,1,1,1,0,0,0,0,0
4693,1,1,0,1,0,0,0,0
4698,1,1,1,0,0,0,0,0
4702,0,0,1,0,0,1,0,0
4703,1,1,0,0,0,0,0,0
4704,1,1,1,1,0,0,0,0
4706,1,0,0,1,0,0,0,0
4707,1,0,0,0,1,0,0,0
4710,1,1,0,0,0,0,0,0
4716,0,1,0,0,1,0,1,0
4719,0,0,0,0,0,0,1,0
4721,1,1,1,1,0,0,0,0
4724,1,1,0,0,0,0,0,0
4725,1,1,0,1,0,0,0,0
4726,1,1,1,0,0,1,0,1
4727,1,0,0,0,0,1,1,0
4729,0,0,0,0,0,0,1,0
4730,1,1,0,0,0,0,0,0
4731,1,0,0,1,0,0,0,0
4732,1,0,0,1,0,0,0,0
4733,1,1,0,0,0,0,0,0
4734,0,1,1,0,0,1,0,0
4735,1,1,0,1,0,0,0,0
4736,0,1,1,0,0,0,0,0
4739,0,0,0,0,0,0,1,0
4742,1,1,0,0,0,0,0,0
4746,1,0,1,1,0,0,0,0
4749,1,0,0,0,1,0,0,0
4752,1,1,0,0,0,0,0,0
4754,1,1,0,1,0,0,0,0
4758,1,0,1,0,1,1,0,1
4763,1,0,0,1,0,0,0,0
4764,0,0,0,0,0,0,1,0
4765,1,1,0,0,0,0,0,0
4766,0,1,1,0,0,1,0,0
4771,1,1,0,1,0,0,0,0
4772,1,1,0,1,0,0,0,0
4774,0,0,0,0,0,0,1,0
4776,1,1,0,0,1,0,0,0
4777,1,1,0,1,0,0,0,0
4778,1,0,0,1,0,0,0,0
4779,0,0,0,0,0,0,1,0
4780,1,1,0,0,0,0,0,0
4784,1,0,1,0,1,1,0,1
4785,1,0,1,0,0,0,0,0
4787,1,0,0,1,0,0,0,0
4788,0,0,0,1,0,0,0,0
4790,1,1,0,1,1,0,0,0
4791,1,1,0,1,0,0,0,0
4792,1,1,0,0,0,0,0,0
4793,1,1,0,1,0,0,0,0
4796,1,1,0,0,1,0,0,0
4797,1,1,0,1,1,1,0,0
4799,1,0,0,1,0,0,0,0
4800,1,0,0,0,1,1,0,0
4803,1,1,0,1,0,0,0,0
4808,1,1,1,1,1,0,0,0
4809,1,1,0,0,1,0,0,0
4811,1,1,0,0,0,0,0,0
4818,1,1,0,0,0,0,0,0
4819,0,0,0,0,0,0,1,0
4821,1,0,1,0,1,1,0,1
4822,1,1,0,1,0,0,0,0
4823,1,0,0,0,0,1,0,0
4824,1,0,1,0,1,1,0,1
4828,1,0,0,1,0,0,0,0
4830,1,1,0,1,0,0,0,0
4831,1,1,0,0,0,0,0,0
4832,1,1,0,1,1,0,0,0
4833,0,0,0,0,0,0,1,0
4835,1,0,1,1,0,0,0,0
4837,1,0,0,0,0,0,1,0
4850,0,0,1,0,0,1,0,0
4852,1,1,1,0,0,1,0,1
4853,1,0,0,1,0,0,0,0
4856,1,1,1,0,0,0,0,0
4858,1,1,0,0,0,0,0,0
4859,1,1,0,0,0,0,0,0
4860,1,0,0,0,1,0,0,0
4862,0,0,0,0,0,0,1,0
4863,1,0,1,0,0,1,0,0
4864,1,1,0,0,0,0,0,0
4867,1,0,1,0,1,1,0,1
4870,0,0,0,0,0,0,1,0
4871,1,1,0,0,0,0,0,0
4872,1,0,1,1,0,1,0,1
4875,0,0,0,0,0,0,1,0
4879,1,1,0,1,0,0,0,0
4880,1,0,1,0,0,0,0,0
4883,1,0,0,0,0,0,1,0
4884,1,0,0,0,0,0,1,0
4889,0,0,1,1,0,0,0,0
4891,1,0,0,1,1,0,0,0
4893,1,1,0,0,0,0,0,0
4897,1,0,0,0,1,1,0,0
4898,1,1,1,0,0,1,0,1
4899,1,1,1,1,0,1,0,1
4902,1,1,0,0,1,0,0,0
4909,1,0,0,0,0,0,1,0
4913,0,0,0,0,0,0,1,0
4916,1,1,0,1,0,0,0,0
4920,1,1,1,1,0,1,0,1
4923,1,1,1,0,0,1,0,1
4925,1,1,0,1,0,0,0,0
4931,1,1,0,1,0,0,0,0
4932,1,1,0,1,0,0,0,0
4935,1,1,0,0,0,0,0,0
4936,1,0,1,0,0,1,0,0
4939,1,1,0,0,0,0,0,0
4943,1,1,0,0,0,0,0,0
4947,1,0,0,0,1,1,0,0
4949,1,1,0,1,0,0,0,0
4950,1,1,0,0,0,0,0,0
4952,1,1,0,0,0,0,0,0
4956,0,0,0,0,0,0,1,0
4958,1,1,0,0,0,0,0,0
4970,1,1,0,1,1,0,0,0
4971,1,1,0,0,0,0,0,0
4972,1,0,1,0,1,1,0,1
4974,1,0,0,1,0,0,0,0
4976,1,1,0,0,1,0,0,0
4979,1,0,0,0,1,0,0,0
4980,0,0,1,0,0,0,1,0
4981,1,1,1,1,0,0,0,0
4985,0,0,0,0,0,0,1,0
4990,1,1,0,0,1,0,0,0
4992,0,0,0,0,0,0,1,0
5000,1,1,0,0,0,0,0,0
5005,1,0,0,1,0,0,0,0
5006,1,1,1,0,0,0,0,0
5007,1,1,0,0,0,0,0,0
5011,1,1,1,1,0,0,0,0
5013,1,1,0,1,1,0,0,0
5014,1,1,1,1,0,0,0,0
5015,1,1,0,0,0,0,0,0
5017,1,0,0,0,0,0,1,0
5021,1,1,0,1,0,0,0,0
5026,0,1,1,0,0,0,0,0
5028,1,0,0,1,1,0,0,0
5030,0,0,0,0,0,0,1,0
5031,1,0,0,1,0,0,0,0
5032,1,0,0,1,0,0,0,0
5036,1,1,0,0,0,0,0,0
5038,1,0,1,1,1,1,0,1
5040,1,0,0,1,1,0,0,0
5043,0,0,0,0,0,0,1,0
5044,1,1,1,0,0,0,0,0
5047,1,1,1,0,0,0,0,0
5048,1,1,1,0,0,0,0,0
5049,1,1,0,0,0,0,0,0
5051,1,1,0,0,0,0,0,0
5052,0,0,1,0,0,0,1,0
5053,0,0,1,0,0,0,1,0
5054,0,0,0,0,0,0,1,0
5055,1,1,1,1,1,0,0,0
5057,1,0,0,1,0,0,0,0
5063,1,0,0,0,1,1,0,0
5065,1,0,1,1,1,0,0,0
5066,1,1,0,0,0,0,0,0
5067,0,0,0,0,0,0,1,0
5068,1,0,0,0,0,0,1,0
5072,0,0,0,0,0,0,1,0
5080,1,1,1,0,0,1,0,1
5081,1,1,0,0,0,0,0,0
5082,0,0,0,0,0,0,1,0
5086,1,1,1,1,0,1,0,1
5088,1,0,0,1,0,0,0,0
5089,1,0,0,0,1,1,0,0
5090,1,1,0,0,0,0,0,0
5092,0,1,1,0,0,0,0,0
5093,1,0,1,1,1,0,0,0
5097,1,1,0,0,0,0,0,0
5103,1,1,1,0,0,0,0,0
5106,0,0,0,0,0,0,1,0
5107,1,1,0,1,0,0,0,0
5109,1,0,0,1,0,0,0,0
5113,1,0,0,0,1,0,1,0
5115,1,0,0,0,0,0,1,0
5118,1,1,0,0,0,0,0,0
5119,1,1,0,1,0,0,0,0
5123,1,0,0,1,0,0,0,0
5124,1,1,0,0,0,0,0,0
5125,0,0,0,0,0,0,1,0
5127,1,1,0,1,0,0,0,0
5130,1,0,0,1,0,0,0,0
5136,1,0,0,1,0,0,0,0
5137,1,0,0,1,0,0,0,0
5138,1,1,0,0,0,0,0,0
5139,1,1,0,0,0,0,0,0
5140,0,1,1,0,0,1,0,0
5144,1,0,0,1,0,0,0,0
5145,1,1,0,0,0,0,0,0
5146,1,0,0,0,0,0,0,0
5150,1,0,0,1,0,0,0,0
5152,1,1,0,0,1,0,0,0
5153,1,1,0,1,0,0,0,0
5154,1,0,0,1,1,0,0,0
5158,0,0,0,0,0,0,1,0
5160,1,0,0,0,0,0,0,0
5165,1,0,0,1,0,0,0,0
5167,1,1,0,0,0,0,0,0
5171,1,1,0,0,0,0,0,0
5175,1,1,0,1,0,0,0,0
5176,1,1,0,0,0,0,0,0
5178,1,1,1,1,0,0,0,0
5180,1,0,1,0,0,1,0,0
5182,1,1,0,0,0,0,0,0
5183,1,0,0,1,1,0,0,0
5184,0,0,0,0,0,0,1,0
5185,1,0,0,0,1,0,0,0
5187,1,1,0,0,0,0,0,0
5189,1,1,1,1,1,1,0,1
5190,1,1,1,1,0,0,0,0
5192,1,1,0,0,0,0,0,0
5193,1,1,1,1,0,1,0,1
5194,0,0,0,0,0,0,1,0
5196,1,1,1,0,0,1,0,1
5197,0,0,0,0,0,0,1,0
5198,1,0,0,1,1,1,0,0
5199,1,1,1,0,0,0,0,0
5200,1,1,0,1,0,0,0,0
5203,1,1,0,0,0,0,0,0
5204,1,1,1,1,0,0,0,0
5205,1,0,0,0,1,0,0,0
5214,1,1,0,0,0,0,0,0
5215,1,1,0,0,0,0,0,0
5217,1,1,0,0,0,0,0,0
5221,1,0,1,0,1,1,0,1
5222,1,1,0,0,0,0,0,0
5225,1,0,0,1,0,0,0,0
5226,1,1,0,1,0,0,0,0
5227,1,0,1,1,0,1,0,1
5228,1,0,0,1,1,0,0,0
5230,1,1,1,0,1,1,0,1
5231,1,0,0,1,1,1,0,0
5233,1,0,0,1,1,0,0,0
5234,1,1,0,1,0,0,0,0
5235,1,0,1,0,0,0,0,0
5246,0,0,0,0,0,0,1,0
5249,1,1,0,1,0,0,0,0
5254,1,0,0,0,1,0,0,0
5256,1,0,1,0,0,1,0,0
5259,1,1,0,0,0,0,0,0
5260,1,0,0,1,0,0,0,0
5263,1,0,0,1,1,1,0,0
5266,1,0,1,0,1,1,0,1
5268,1,1,1,0,0,0,0,0
5269,1,1,0,1,0,0,0,0
5272,1,1,0,0,0,0,0,0
5274,0,0,0,1,0,0,1,0
5275,1,1,0,1,0,0,0,0
5282,0,1,1,0,0,1,0,0
5283,1,0,1,0,1,1,0,1
5284,0,0,0,0,0,0,1,0
5285,1,0,0,0,1,1,0,0
5286,0,0,0,0,0,0,1,0
5287,1,1,1,0,0,1,0,1
5288,0,1,1,0,0,0,0,0
5289,1,1,0,1,0,0,0,0
5291,0,0,0,0,0,0,1,0
5292,1,1,0,0,0,0,0,0
5295,1,0,0,0,1,1,0,0
5297,1,0,0,1,0,0,0,0
5298,0,1,1,0,0,1,0,0
5299,1,1,0,0,0,0,0,0
5302,1,0,1,0,0,0,0,0
5303,1,0,1,1,1,1,0,1
5304,1,0,1,0,1,1,0,1
5305,1,1,0,0,0,0,0,0
5306,0,0,0,0,0,0,1,0
5311,1,1,0,0,1,0,0,0
5312,1,1,0,1,0,0,0,0
5313,1,0,1,0,0,1,0,0
5317,0,0,1,0,1,1,0,0
5318,1,0,0,1,0,0,1,0
5319,1,1,0,0,0,0,0,0
5321,1,0,0,1,0,0,0,0
5323,1,0,0,0,1,0,0,0
5327,1,1,0,1,0,0,0,0
5330,1,0,1,1,0,0,0,0
5334,0,0,0,0,0,0,1,0
5337,1,0,0,1,0,0,0,0
5338,0,1,1,0,0,1,0,0
5345,1,1,0,0,0,0,0,0
5348,1,1,1,1,0,1,0,1
5351,1,1,1,1,0,0,0,0
5357,1,0,0,1,0,0,1,0
5361,1,1,1,1,0,0,0,0
5367,0,0,0,0,0,0,1,0
5368,1,0,1,0,0,0,0,0
5370,1,0,0,0,0,0,1,0
5371,1,0,0,1,1,1,0,0
5372,1,0,1,1,0,0,0,0
5374,0,0,0,0,0,0,1,0
5380,1,0,0,1,1,1,0,0
5381,1,0,0,1,0,0,0,0
5382,1,0,0,0,1,0,0,0
5385,1,1,0,0,0,0,0,0
5386,1,1,0,1,0,0,0,0
5387,1,1,0,0,0,0,0,0
5392,1,0,1,0,1,1,0,1
5395,1,0,0,0,1,1,0,0
5396,0,0,0,0,0,0,1,0
5398,1,1,0,0,0,0,0,0
5399,1,0,0,1,0,0,0,0
5400,1,1,0,0,0,0,0,0
5402,1,1,0,0,0,0,0,0
5403,1,1,0,0,0,0,0,0
5404,0,1,1,0,0,0,0,0
5407,0,0,0,0,0,0,1,0
5408,1,0,0,1,0,0,0,0
5410,1,1,1,1,1,0,0,0
5414,0,1,0,0,0,0,0,0
5416,1,0,0,1,0,0,0,0
5418,0,0,0,0,0,0,1,0
5422,0,0,0,0,0,0,1,0
5425,1,0,0,1,0,0,0,0
5427,1,0,0,1,0,0,0,0
5431,1,1,1,1,1,1,0,1
5435,1,1,0,0,0,0,0,0
5440,1,0,1,0,0,0,0,0
5441,1,1,0,0,0,0,0,0
5442,1,1,1,0,0,0,0,0
5444,1,0,0,1,1,0,0,0
5445,1,1,0,1,0,0,0,0
5453,0,0,0,0,0,0,1,0
5456,1,0,0,0,1,1,0,0
5460,1,0,1,1,1,0,0,0
5461,1,0,1,0,1,1,0,1
5462,0,0,0,0,0,0,1,0
5467,1,0,1,0,1,1,0,1
5468,1,1,0,0,1,0,0,0
5469,1,1,1,1,1,1,0,1
5472,1,1,0,0,0,0,0,0
5473,0,0,0,0,0,0,1,0
5474,0,0,0,0,0,0,1,0
5478,1,0,0,1,0,0,0,0
5481,1,1,0,0,0,0,0,0
5482,0,0,0,0,0,0,1,0
5484,1,1,0,1,1,0,0,0
5487,1,0,0,1,0,0,0,0
5488,1,0,0,1,0,1,0,0
5490,0,0,0,0,0,0,1,0
5492,1,1,0,0,0,0,0,0
5494,1,1,0,1,0,0,0,0
5502,0,0,0,0,0,0,1,0
5509,1,1,1,1,0,1,0,1
5511,0,0,0,0,0,0,1,0
5512,1,0,0,0,0,0,1,0
5518,1,1,0,0,0,0,0,0
5524,1,0,1,1,0,0,0,0
5525,0,1,1,0,0,0,0,0
5526,1,1,0,1,0,0,0,0
5527,1,1,0,0,0,0,0,0
5530,0,0,0,0,0,0,1,0
5531,1,1,1,0,0,0,0,0
5534,1,0,1,1,1,1,0,1
5536,1,0,1,0,1,1,0,1
5538,1,1,0,0,0,0,0,0
5542,1,0,0,1,0,0,1,0
5543,1,0,1,1,1,1,0,1
5544,1,1,0,0,0,0,0,0
5550,0,1,0,0,0,0,1,0
5551,1,0,0,0,1,0,0,0
5552,0,1,0,0,0,0,1,0
5555,1,1,0,0,0,0,0,0
5557,1,1,0,0,0,0,0,0
5559,1,1,0,1,0,0,0,0
5562,0,0,0,0,0,0,1,0
5564,1,1,0,1,0,0,0,0
5565,1,1,0,0,0,0,0,0
5566,0,0,0,0,0,0,1,0
5567,1,1,0,0,0,0,0,0
5570,1,0,1,1,0,0,0,0
5572,0,0,0,0,0,0,1,0
5573,1,0,1,1,0,1,0,1
5576,1,1,0,0,0,0,0,0
5580,1,0,0,0,1,0,0,0
5583,1,1,1,1,0,0,0,0
5587,1,1,0,0,1,0,0,0
5588,1,1,1,0,0,0,0,0
5597,0,0,0,0,0,0,1,0
5599,1,1,0,1,0,0,0,0
5600,1,0,0,1,0,0,0,0
5602,1,1,1,0,0,1,0,1
5609,1,1,0,1,0,0,0,0
5610,1,1,1,0,0,0,0,0
5611,0,0,0,0,0,0,1,0
5616,1,1,0,1,0,0,0,0
5619,1,0,0,1,0,0,0,0
5622,1,0,1,1,0,1,0,1
5624,1,0,0,1,0,0,0,0
5625,1,0,0,1,0,0,0,0
5626,0,0,0,0,0,0,1,0
5628,1,1,0,0,0,0,0,0
5632,1,1,1,0,0,1,0,1
5633,1,1,0,1,0,0,0,0
5634,1,1,0,1,0,0,0,0
5635,1,0,0,0,1,1,0,0
5641,0,0,0,0,0,0,1,0
5644,1,0,0,1,0,0,0,0
5650,1,1,0,0,0,0,0,0
5651,1,0,0,1,0,0,0,0
5652,1,0,0,0,0,0,1,0
5653,1,1,0,1,0,0,0,0
5654,1,0,0,0,1,0,0,0
5656,1,0,1,0,1,0,0,0
5657,1,0,0,0,1,0,0,0
5658,0,0,0,0,0,0,1,0
5660,1,1,0,0,0,0,0,0
5662,1,0,1,1,1,0,0,0
5668,1,1,0,0,0,0,0,0
5669,1,0,0,0,0,0,1,0
5671,1,0,1,1,0,0,0,0
5672,1,1,0,0,0,0,0,0
5673,1,0,1,0,1,1,0,1
5675,1,1,0,1,0,0,0,0
5677,1,0,0,0,1,0,0,0
5679,1,0,0,1,0,0,0,0
5680,1,1,1,0,0,0,0,0
5681,0,0,0,0,0,0,1,0
5683,1,1,0,1,0,0,0,0
5686,0,0,0,0,0,0,1,0
5687,0,0,0,0,0,0,1,0
5688,1,1,0,0,0,0,0,0
5692,1,1,0,0,0,0,0,0
5693,1,1,0,0,0,0,0,0
5694,1,0,1,0,0,1,0,0
5698,1,1,0,0,0,0,0,0
5701,1,0,1,1,0,0,0,0
5702,1,1,0,0,0,0,0,0
5710,0,0,0,0,0,0,1,0
5712,1,1,0,1,0,0,0,0
5713,1,1,0,1,0,0,0,0
5714,0,0,0,0,0,0,1,0
5718,1,0,0,1,0,0,1,0
5719,1,0,0,0,1,0,0,0
5724,1,0,0,1,0,0,0,0
5726,0,1,1,0,0,0,0,0
5728,1,0,0,0,1,0,0,0
5729,1,0,0,1,0,0,0,0
5731,0,0,1,0,0,1,0,0
5732,1,1,0,0,0,0,0,0
5736,1,1,0,0,0,0,0,0
5738,1,1,0,1,1,0,0,0
5739,1,1,0,0,0,0,0,0
5740,1,0,0,1,0,0,0,0
5742,0,0,0,0,0,0,1,0
5745,0,0,1,0,0,0,1,0
5746,1,1,0,0,0,0,0,0
5747,1,1,0,0,0,0,0,0
5748,1,1,0,0,0,0,0,0
5749,1,1,0,1,0,0,0,0
5751,1,1,0,0,0,0,0,0
5752,1,0,1,1,1,1,0,1
5753,1,0,0,0,1,0,0,0
5755,1,0,0,1,0,0,0,0
5758,0,1,1,0,0,1,0,0
5759,1,0,1,0,1,1,0,1
5763,1,0,0,0,0,0,1,0
5764,1,0,0,1,0,0,0,0
5766,0,1,0,0,0,0,0,0
5767,1,1,0,0,0,0,0,0
5768,1,0,1,1,0,1,0,1
5772,1,1,0,1,0,0,0,0
5777,0,0,1,0,0,0,1,0
5779,1,1,0,1,0,0,0,0
5780,1,1,0,0,1,0,0,0
5781,1,0,0,1,1,0,0,0
5784,1,1,0,1,0,0,0,0
5786,0,0,0,0,0,0,1,0
5788,1,1,0,0,0,0,0,0
5789,1,1,1,1,0,0,0,0
5790,1,0,0,1,1,0,0,0
5791,1,0,0,1,1,0,0,0
5792,1,1,0,1,0,0,0,0
5798,1,1,0,1,0,0,0,0
5801,1,0,0,0,0,1,0,0
5804,1,1,0,0,0,0,0,0
5805,1,0,1,1,1,1,0,1
5807,1,0,0,0,0,0,1,0
5808,1,1,1,0,0,1,0,1
5813,1,1,0,0,0,0,0,0
5815,1,1,0,0,1,0,0,0
5817,1,1,0,0,0,0,0,0
5818,1,0,0,1,1,1,0,0
5821,1,0,1,0,1,1,0,1
5822,1,1,0,0,0,0,0,0
5827,0,0,0,0,0,0,1,0
5831,1,0,1,1,1,0,0,0
5835,0,1,0,1,0,0,0,0
5836,1,1,0,0,0,0,0,0
5837,0,0,0,0,0,0,1,0
5838,1,0,0,1,0,0,0,0
5840,1,0,1,1,0,1,0,1
5842,1,1,0,1,0,0,0,0
5843,1,1,0,0,0,0,0,0
5845,1,0,1,1,0,0,0,0
5846,1,0,0,1,0,0,0,0
5848,1,1,1,0,0,1,0,1
5853,0,0,0,0,0,0,1,0
5854,1,0,0,1,0,0,0,0
5855,1,0,1,1,1,1,0,1
5856,1,1,0,0,1,0,0,0
5858,1,1,0,0,0,0,0,0
5860,1,0,0,1,0,0,0,0
5862,1,1,1,1,0,1,0,1
5863,0,0,0,0,0,0,1,0
5868,1,0,0,1,1,0,0,0
5869,1,0,1,1,1,1,0,1
5871,1,1,0,0,0,0,0,0
5873,1,1,0,0,1,0,0,0
5875,0,0,0,0,0,0,1,0
5876,1,0,1,1,0,0,0,0
5881,1,1,0,0,0,0,0,0
5882,1,0,0,1,0,0,0,0
5883,0,0,0,0,0,0,1,0
5884,1,0,0,1,0,0,0,0
5885,1,0,0,1,0,0,0,0
5886,1,0,0,0,0,0,1,0
5887,1,0,0,1,0,0,0,0
5893,1,0,1,1,0,0,0,0
5894,1,1,1,0,0,0,0,0
5895,1,1,0,1,0,0,0,0
5897,1,1,0,0,0,0,0,0
5898,0,1,1,1,0,1,0,0
5902,1,1,0,1,0,0,0,0
5905,1,0,0,0,1,0,0,0
5908,1,0,0,1,0,0,0,0
5909,1,1,0,0,0,0,0,0
5911,1,1,0,1,0,0,0,0
5918,1,1,0,0,1,0,0,0
5921,1,0,0,0,1,1,0,0
5925,1,0,0,1,0,0,0,0
5926,1,0,0,1,0,0,0,0
5932,1,0,0,0,0,0,1,0
5933,1,1,0,0,0,0,0,0
5934,1,1,0,0,0,0,0,0
5940,1,0,1,0,0,0,0,0
5941,1,0,0,1,0,0,0,0
5943,1,0,1,0,0,0,0,0
5946,1,1,0,1,0,0,0,0
5948,1,1,0,0,0,0,0,0
5949,0,0,0,0,0,0,1,0
5950,1,1,1,0,0,1,0,1
5951,1,1,0,0,0,0,0,0
5953,1,1,0,0,0,0,0,0
5958,0,1,0,0,0,0,0,0
5959,1,1,0,0,0,0,0,0
5960,1,0,0,0,1,0,0,0
5961,1,0,0,0,0,0,1,0
5962,0,1,0,0,0,0,1,0
5967,1,0,0,1,0,0,0,0
5968,1,0,0,0,1,1,0,0
5971,1,1,0,0,0,0,0,0
5972,1,0,1,0,0,1,0,0
5973,1,1,0,1,0,0,0,0
5977,1,0,0,0,1,0,0,0
5978,1,1,1,0,0,0,0,0
5979,1,1,0,1,1,0,0,0
5981,1,0,0,1,0,0,0,0
5987,0,0,0,0,0,0,1,0
5988,1,0,0,0,1,0,0,0
5990,1,1,0,0,0,0,0,0
5992,1,1,0,0,1,0,0,0
5993,1,0,0,1,1,0,0,0
5998,1,0,0,1,0,0,0,0
6000,1,1,0,0,0,0,0,0
6001,1,1,0,0,0,0,0,0
6004,0,0,0,0,0,0,1,0
6005,1,1,0,0,0,0,0,0
6008,0,0,0,1,0,0,0,0
6010,1,1,1,1,0,0,0,0
6012,0,0,0,0,0,0,1,0
6013,1,1,0,0,0,0,0,0
6015,1,1,0,1,1,0,0,0
6016,0,1,0,0,0,0,0,0
6017,1,0,0,0,1,0,0,0
6018,1,1,0,1,0,0,0,0
6020,1,1,1,0,0,1,0,1
6022,0,0,1,0,0,1,0,0
6027,0,0,0,0,0,0,1,0
6029,1,1,0,1,0,0,0,0
6030,1,1,0,0,0,0,0,0
6031,1,0,0,0,0,0,1,0
6034,0,1,0,0,0,0,1,0
6036,1,0,0,1,0,0,0,0
6039,1,0,0,1,0,0,0,0
6040,1,1,0,0,0,0,0,0
6041,0,1,1,0,0,1,0,0
6045,1,0,0,1,0,0,0,0
6048,0,0,0,0,0,0,1,0
6049,0,0,0,0,0,0,1,0
6050,1,1,0,1,0,0,0,0
6051,1,0,0,0,1,0,0,0
6052,0,0,0,0,0,0,1,0
6055,1,0,1,0,1,1,0,1
6056,0,0,0,0,0,0,1,0
6057,1,0,0,0,0,0,1,0
6060,1,0,0,0,1,0,0,0
6061,1,1,0,0,0,0,0,0
6066,1,1,0,0,0,0,0,0
6067,1,1,0,1,0,0,0,0
6068,0,0,0,0,0,0,1,0
6069,1,1,0,0,0,0,0,0
6072,0,0,0,0,0,0,1,0
6074,1,1,0,0,0,0,0,0
6076,0,1,0,0,0,0,1,0
6079,0,1,1,0,0,1,0,0
6080,1,0,0,1,0,0,0,0
6081,1,0,0,1,0,0,0,0
6082,1,1,0,0,0,0,0,0
6083,1,1,0,0,1,0,0,0
6084,0,0,0,0,0,0,1,0
6087,1,0,1,1,0,0,0,0
6088,1,0,0,0,0,0,1,0
6089,1,0,0,1,0,0,0,0
6094,1,0,0,0,1,0,0,0
6100,1,1,0,0,1,0,0,0
6104,1,0,0,0,1,0,0,0
6106,1,1,0,0,0,0,0,0
6110,0,1,0,0,0,0,1,0
6115,0,1,1,0,0,1,0,0
6117,1,1,1,0,0,0,0,0
6118,1,0,1,0,1,1,0,1
6120,1,0,0,1,0,0,0,0
6121,0,0,0,0,0,0,1,0
6122,1,1,0,0,0,0,0,0
6123,0,0,0,0,0,0,1,0
6126,1,1,0,1,0,0,0,0
6129,1,0,1,0,1,1,0,1
6132,1,0,0,1,0,0,0,0
6133,0,0,0,0,0,0,1,0
6136,1,1,0,0,1,0,0,0
6137,1,1,0,0,0,0,0,0
6139,1,1,1,0,0,1,0,1
6144,1,1,1,0,0,0,0,0
6148,1,1,1,1,0,1,0,1
6151,1,0,1,0,1,1,0,1
6153,1,1,0,0,0,0,0,0
6154,1,1,0,0,0,0,0,0
6157,1,0,0,0,1,0,0,0
6158,1,1,0,0,0,0,0,0
6159,1,0,0,0,1,0,0,0
6162,1,0,0,0,1,0,1,0
6163,1,0,1,1,1,0,0,0
6165,1,1,0,0,0,0,0,0
6174,1,1,0,0,0,0,0,0
6176,1,0,0,0,1,0,0,0
6177,1,0,0,1,0,0,0,0
6180,1,1,0,0,0,0,0,0
6184,0,0,0,1,0,0,0,0
6185,1,1,0,0,0,0,0,0
6188,1,0,1,0,1,1,0,1
6193,1,0,0,1,0,0,0,0
6194,1,1,0,1,0,0,0,0
6208,1,1,0,0,0,0,0,0
6209,1,1,1,0,0,0,0,0
6211,1,0,0,0,1,1,0,0
6212,0,0,0,0,0,0,1,0
6216,1,1,0,0,0,0,0,0
6218,1,0,1,1,0,1,0,1
6219,1,0,0,0,0,0,1,0
6222,1,0,1,1,1,1,0,1
6223,1,1,1,1,0,1,0,1
6228,0,0,1,1,0,0,0,0
6229,1,0,0,1,0,0,0,0
6237,0,0,0,0,0,0,1,0
6239,1,1,0,0,1,0,0,0
6241,0,0,0,0,0,0,1,0
6245,1,1,0,0,0,0,0,0
6250,1,1,0,0,0,0,0,0
6251,1,0,0,1,1,0,0,0
6258,1,1,0,0,0,0,0,0
6259,1,1,0,0,0,0,0,0
6260,1,0,0,1,0,0,0,0
6264,1,0,0,0,1,1,0,0
6265,1,1,0,1,0,0,0,0
6267,1,0,0,1,0,0,0,0
6273,1,1,0,1,0,0,0,0
6274,1,0,0,1,1,0,0,0
6277,0,1,0,0,0,1,0,0
6283,1,1,0,0,0,0,0,0
6284,1,1,0,1,0,0,0,0
6285,1,1,0,0,0,0,0,0
6289,1,1,1,1,0,0,0,0
6291,1,1,1,0,1,1,0,1
6296,1,0,1,1,1,1,0,1
6297,0,1,0,0,0,0,0,0
6300,1,0,1,0,0,0,0,0
6303,1,1,0,1,0,0,0,0
6305,1,0,0,0,1,0,0,0
6307,0,0,0,0,0,0,1,0
6311,1,1,0,0,0,0,0,0
6312,1,1,1,0,0,0,0,0
6322,1,0,0,1,1,0,0,0
6325,0,0,0,0,0,0,1,0
6327,0,0,1,0,0,1,0,0
6328,1,1,0,0,0,0,0,0
6329,1,0,0,0,1,0,0,0
6330,1,0,0,0,1,0,0,0
6331,1,0,0,1,1,0,0,0
6333,1,1,0,0,0,0,0,0
6334,1,0,0,1,0,0,0,0
6337,1,1,1,1,0,1,0,1
6341,1,0,0,0,1,0,0,0
6348,1,0,0,0,0,0,1,0
6352,0,0,0,0,0,0,1,0
6353,1,0,1,0,1,1,0,1
6356,1,0,1,1,0,0,0,0
6359,1,1,0,0,0,0,0,0
6364,1,1,0,0,1,1,0,0
6370,0,0,0,0,0,0,1,0
6373,1,1,0,0,1,1,0,0
6374,1,1,0,0,0,0,0,0
6375,1,0,0,1,0,0,0,0
6376,1,1,0,1,0,0,0,0
6378,1,1,1,0,0,0,0,0
6380,1,1,1,1,0,1,0,1
6383,1,0,0,1,0,0,0,0
6391,1,0,1,0,1,1,0,1
6394,1,1,0,1,0,0,0,0
6395,1,1,0,1,0,0,0,0
6401,1,1,0,1,0,0,0,0
6405,1,0,0,0,1,0,0,0
6408,1,1,0,0,0,0,0,0
6411,0,0,1,0,0,0,1,0
6413,1,1,0,1,0,0,0,0
6415,1,0,0,1,0,0,0,0
6417,1,0,0,1,0,0,0,0
6418,1,1,0,0,0,0,0,0
6420,1,1,0,0,0,0,0,0
6424,1,1,0,1,0,0,0,0
6425,0,0,0,0,0,0,1,0
6430,1,0,0,1,0,0,0,0
6437,1,1,0,1,0,0,0,0
6438,1,1,0,0,0,0,0,0
6439,1,0,0,1,1,0,0,0
6442,1,0,0,1,1,1,0,0
6446,1,1,0,1,0,0,0,0
6448,1,1,0,1,0,0,0,0
6449,1,1,0,1,0,0,0,0
6450,1,0,0,1,0,0,0,0
6462,1,1,0,0,0,0,0,0
6463,1,1,1,0,0,0,0,0
6464,1,0,1,1,1,1,0,1
6465,1,0,1,0,1,1,0,1
6468,1,1,0,0,0,0,0,0
6469,1,1,1,0,0,0,0,0
6470,1,0,1,0,0,0,0,0
6471,1,1,1,1,0,1,0,1
6478,0,0,0,0,0,0,1,0
6479,1,0,0,0,0,0,1,0
6480,1,1,0,0,0,0,0,0
6481,1,0,1,1,0,0,0,0
6482,0,0,0,0,0,0,1,0
6490,1,1,0,1,0,0,0,0
6493,1,1,1,1,0,0,0,0
6494,1,1,0,1,1,0,0,0
6497,1,0,1,1,1,1,0,1
6499,0,0,0,0,0,0,1,0
6505,1,0,1,0,1,1,0,1
6507,0,1,0,0,0,0,1,0
6510,1,1,0,0,0,0,0,0
6511,1,0,0,1,0,0,0,0
6512,1,0,0,1,1,0,0,0
6517,1,1,0,1,1,1,0,0
6518,1,0,0,1,1,0,0,0
6521,1,1,0,0,0,0,0,0
6522,1,1,0,1,0,0,0,0
6527,1,1,0,1,0,0,0,0
6529,1,0,0,1,1,1,0,0
6530,1,0,0,1,1,1,0,0
6532,1,1,0,1,0,0,0,0
6534,1,1,0,0,0,1,0,0
6535,1,0,0,0,1,0,0,0
6538,1,1,0,1,0,0,0,0
6541,1,1,0,1,0,0,0,0
6542,0,0,1,0,0,1,0,0
6548,1,1,0,0,0,0,0,0
6557,1,1,0,0,0,0,0,0
6563,1,1,0,1,0,0,0,0
6566,1,1,1,0,0,0,0,0
6569,1,0,0,1,0,0,0,0
6570,1,0,1,0,0,0,0,0
6574,0,1,1,0,0,0,0,0
6575,1,0,0,0,0,0,1,0
6577,1,0,0,1,0,0,0,0
6579,1,1,0,0,0,0,0,0
6581,0,0,0,0,0,0,1,0
6582,1,1,0,0,0,0,0,0
6583,1,1,0,0,0,0,0,0
6586,1,1,0,0,0,0,0,0
6588,0,0,0,0,0,0,1,0
6589,1,1,0,0,0,0,0,0
6590,0,0,0,0,0,0,1,0
6595,1,1,0,1,0,0,0,0
6596,1,0,1,0,1,1,0,1
6600,1,0,1,0,0,1,0,0
6601,1,1,0,0,0,0,0,0
6603,0,0,0,0,0,0,1,0
6605,1,1,0,0,0,0,0,0
6607,1,1,0,0,0,0,0,0
6608,1,0,0,1,0,0,0,0
6612,1,1,0,1,1,0,0,0
6616,1,0,0,1,0,0,0,0
6619,1,1,0,0,0,0,0,0
6621,1,0,0,1,0,0,0,0
6622,0,0,0,0,0,0,1,0
6625,1,0,0,0,1,0,0,0
6627,1,1,0,1,1,0,0,0
6629,1,1,0,1,0,0,0,0
6630,1,1,0,0,0,0,0,0
6632,1,1,0,0,1,0,0,0
6633,1,1,0,0,0,0,0,0
6634,1,0,1,0,1,1,0,1
6635,1,1,0,0,0,0,0,0
6636,1,1,1,1,0,0,0,0
6637,1,1,0,0,0,1,0,0
6639,1,1,1,0,0,1,0,1
6640,1,0,0,0,0,0,1,0
6641,0,1,0,1,0,1,1,0
6642,1,0,0,0,1,0,0,0
6643,1,0,1,1,1,1,0,1
6645,1,0,0,1,1,0,0,0
6649,1,1,0,0,0,0,0,0
6653,0,0,0,0,0,0,1,0
6654,1,0,0,1,0,0,0,0
6655,1,1,0,0,0,0,0,0
6656,1,1,1,0,0,0,0,0
6658,0,0,0,0,0,0,1,0
6660,1,1,0,0,0,0,0,0
6661,1,1,0,0,0,0,0,0
6664,1,0,0,1,0,0,0,0
6665,1,1,0,1,0,0,0,0
6666,1,0,0,1,0,0,0,0
6669,1,1,1,0,0,0,0,0
6675,1,1,0,1,0,0,0,0
6677,1,1,0,1,0,0,0,0
6680,1,1,0,1,0,0,0,0
6682,1,1,0,0,0,0,0,0
6685,1,0,1,1,0,0,0,0
6686,0,1,0,0,0,0,1,0
6687,1,1,0,0,0,0,0,0
6688,1,1,0,1,0,0,0,0
6689,1,1,1,0,0,0,0,0
6690,0,0,0,0,0,0,1,0
6692,1,0,0,0,0,0,1,0
6700,1,0,0,1,0,0,0,0
6701,1,1,0,1,0,0,0,0
6702,1,0,0,1,1,0,0,0
6704,1,0,0,0,0,0,1,0
6705,0,1,0,0,0,0,1,0
6708,0,0,0,0,0,0,1,0
6710,1,0,0,1,0,0,0,0
6714,1,1,0,0,0,0,0,0
6715,1,1,0,0,0,1,0,0
6719,1,0,1,1,0,0,0,0
6724,1,0,0,1,0,0,0,0
6726,1,0,1,0,0,1,0,0
6727,1,1,0,1,0,0,0,0
6728,1,1,1,0,1,1,0,1
6732,1,0,1,1,1,1,0,1
6733,0,0,0,0,0,0,1,0
6738,1,0,0,0,1,1,0,0
6743,1,1,0,0,0,0,0,0
6746,1,1,0,0,1,0,0,0
6748,1,1,1,1,0,0,0,0
6749,1,1,1,1,0,0,0,0
6750,1,0,0,0,1,0,0,0
6751,1,0,0,1,0,0,0,0
6752,1,1,0,1,0,0,0,0
6754,1,0,0,1,1,0,0,0
6755,1,1,1,0,0,0,0,0
6756,1,0,1,0,1,0,0,0
6757,1,1,0,1,0,0,0,0
6758,1,0,1,1,0,1,0,1
6761,0,1,1,0,0,0,0,0
6762,1,1,0,0,0,0,0,0
6766,1,1,0,1,0,0,0,0
6768,0,0,0,0,0,0,1,0
6769,0,0,0,0,0,0,1,0
6770,1,1,0,1,0,0,0,0
6772,1,1,0,1,0,0,0,0
6773,1,1,1,1,0,1,0,1
6774,1,0,0,1,0,0,0,0
6776,1,1,0,0,0,0,0,0
6778,1,1,0,0,0,0,0,0
6780,1,1,0,0,0,0,0,0
6781,1,0,1,0,0,0,0,0
6782,1,0,0,0,1,0,0,0
6785,0,0,0,0,0,0,1,0
6786,1,0,1,1,1,1,0,1
6787,1,0,0,1,1,0,0,0
6788,1,1,1,0,1,1,0,1
6790,0,0,0,0,0,0,1,0
6792,1,0,0,1,0,0,0,0
6794,1,1,0,0,0,0,0,0
6796,1,1,0,0,0,0,0,0
6798,0,0,0,0,0,0,1,0
6799,1,1,0,0,0,0,0,0
6800,1,1,0,0,0,0,0,0
6802,1,1,0,0,0,0,0,0
6806,0,1,1,0,0,1,0,0
6810,1,1,0,0,0,0,0,0
6812,1,0,0,0,1,0,0,0
6817,1,0,0,0,1,1,0,0
6818,1,1,0,0,0,0,0,0
6819,1,1,0,0,0,0,0,0
6820,1,1,0,0,0,0,0,0
6821,1,1,0,1,0,0,0,0
6828,1,1,0,1,0,0,0,0
6829,1,1,1,0,0,0,0,0
6833,1,1,0,0,1,0,0,0
6835,1,1,0,0,1,0,0,0
6836,1,1,0,0,0,0,0,0
6839,1,1,0,1,0,0,0,0
6842,0,0,0,0,0,0,1,0
6844,0,0,0,0,0,0,1,0
6845,1,1,0,0,0,0,0,0
6848,1,0,0,0,1,1,0,0
6850,1,1,0,0,0,0,0,0
6853,1,1,0,0,0,0,0,0
6854,1,1,0,0,0,0,0,0
6855,1,1,0,0,1,0,0,0
6856,1,1,0,0,0,0,0,0
6857,0,0,0,0,0,0,1,0
6860,1,1,0,0,0,0,0,0
6861,1,0,1,0,0,0,0,0
6866,0,1,1,0,0,0,0,0
6870,1,0,0,0,1,0,0,0
6871,1,1,0,0,0,0,0,0
6873,1,1,0,0,0,0,0,0
6878,0,0,1,0,0,1,0,0
6880,1,1,0,1,0,0,0,0
6882,1,1,0,0,0,0,0,0
6884,1,0,0,0,0,0,1,0
6888,1,1,0,0,0,0,0,0
6890,1,1,0,0,0,0,0,0
6892,1,1,1,1,0,1,0,1
6894,0,0,0,0,1,0,0,0
6895,0,1,0,0,0,0,1,0
6897,1,1,1,0,1,0,0,0
6898,1,0,1,1,1,1,0,1
6899,1,0,0,1,0,0,0,0
6901,1,1,0,1,0,0,0,0
6909,1,1,1,0,0,0,0,0
6912,0,0,0,0,0,0,1,0
6916,1,0,1,1,0,1,0,1
6921,1,1,0,1,1,0,0,0
6922,1,0,1,0,1,1,0,1
6924,0,1,0,1,0,0,0,0
6926,1,0,0,0,1,1,0,0
6927,1,1,0,1,0,0,0,0
6931,1,1,0,0,0,0,0,0
6932,1,1,0,1,0,0,0,0
6936,0,0,0,0,0,0,1,0
6937,1,1,0,0,0,0,1,0
6939,1,0,0,1,1,0,0,0
6948,1,0,0,1,0,0,0,0
6949,1,0,0,1,0,0,0,0
6951,1,0,0,0,0,0,1,0
6956,0,0,0,0,0,0,1,0
6963,1,1,1,0,0,1,0,1
6964,1,1,1,0,0,0,0,0
6968,1,1,0,0,0,0,0,0
6972,1,1,0,0,0,0,0,0
6973,1,1,0,1,0,0,0,0
6975,1,0,1,1,0,1,0,1
6976,1,1,1,1,0,0,0,0
6977,0,1,1,0,0,0,0,0
6979,1,0,1,0,1,1,0,1
6980,1,1,0,1,0,0,0,0
6983,1,1,0,1,0,0,0,0
6984,1,1,0,0,0,0,0,0
6987,1,0,0,1,0,0,0,0
6990,1,0,0,1,0,0,0,0
6992,1,1,0,0,0,0,0,0
6994,0,0,1,0,1,1,0,0
6997,1,1,0,0,0,0,0,0
6999,1,0,0,0,0,0,1,0
7000,1,1,1,0,0,0,0,0
7001,1,0,1,0,0,0,0,0
7006,1,1,0,0,0,0,0,0
7007,1,1,0,0,0,0,0,0
7011,1,0,0,1,0,0,0,0
7015,0,0,0,0,0,0,1,0
7017,1,1,0,0,0,0,0,0
7018,1,0,0,0,0,0,1,0
7019,1,0,0,0,1,1,0,0
7020,0,1,1,1,0,1,0,0
7023,0,0,0,0,0,0,1,0
7024,1,0,1,0,0,0,0,0
7028,1,0,0,0,1,0,0,0
7030,1,0,0,0,0,0,1,0
7033,1,1,0,0,0,0,0,0
7036,1,0,0,0,1,1,0,0
7039,0,0,0,0,0,0,1,0
7040,1,0,0,0,0,0,1,0
7041,0,1,1,0,0,0,0,0
7042,1,1,0,0,1,1,0,0
7043,1,0,1,1,1,1,0,1
7047,1,0,1,1,0,0,0,0
7052,1,1,0,0,0,0,0,0
7053,1,1,0,0,0,1,0,0
7056,1,1,0,0,0,0,0,0
7060,1,0,0,0,1,1,0,0
7061,1,1,0,0,1,0,0,0
7062,1,1,0,0,0,0,0,0
7064,1,0,0,0,1,0,0,0
7066,1,0,1,1,0,0,0,0
7067,1,0,1,0,1,1,0,1
7068,1,0,0,0,1,0,0,0
7071,0,0,0,0,0,0,1,0
7077,1,0,0,1,1,0,0,0
7080,1,1,0,1,0,0,0,0
7091,1,0,0,1,0,0,0,0
7093,1,0,0,0,1,1,0,0
7094,0,0,0,0,0,0,1,0
7095,1,1,0,0,0,0,0,0
7096,0,1,0,0,0,0,1,0
7102,1,1,0,1,0,0,0,0
7104,1,0,0,0,0,0,0,0
7110,0,0,0,0,0,0,1,0
7114,1,1,0,1,0,0,0,0
7116,1,1,0,1,0,0,0,0
7123,1,1,0,0,0,0,0,0
7124,1,1,1,1,0,0,0,0
7125,1,0,0,0,0,0,1,0
7126,1,1,1,0,0,0,0,0
7128,0,0,0,0,0,0,1,0
7129,1,0,1,0,1,0,0,0
7131,1,0,1,1,0,1,0,1
7132,1,1,0,0,0,0,0,0
7137,1,1,1,0,0,0,0,0
7138,1,1,0,0,0,0,0,0
7139,1,1,0,0,0,0,0,0
7140,0,1,1,0,0,1,0,0
7144,1,0,1,0,1,1,0,1
7145,1,1,0,0,0,0,0,0
7147,1,1,0,1,0,0,0,0
7150,1,1,0,1,1,0,0,0
7151,1,0,0,0,0,0,1,0
7153,1,1,0,1,0,0,0,0
7154,1,0,0,0,0,0,1,0
7155,1,0,0,1,0,0,0,0
7158,1,1,0,0,0,0,0,0
7159,0,1,0,0,0,0,1,0
7163,1,0,0,0,0,0,1,0
7164,1,0,1,0,0,0,0,0
7167,1,0,1,0,1,1,0,1
7170,1,1,1,0,1,1,0,1
7171,0,0,0,0,0,0,1,0
7172,1,1,1,0,0,0,0,0
7175,1,0,1,0,1,1,0,1
7176,1,0,0,0,1,0,0,0
7177,0,0,0,0,0,0,1,0
7182,1,1,0,0,0,0,0,0
7183,1,0,0,0,1,0,0,0
7184,1,1,0,0,0,0,0,0
7185,1,1,0,1,0,0,0,0
7189,1,1,0,0,0,0,0,0
7192,1,0,0,1,0,0,0,0
7195,1,1,0,0,0,1,0,0
7196,1,0,0,0,1,0,0,0
7197,1,0,1,1,0,0,0,0
7199,1,0,0,1,0,0,0,0
7201,1,1,1,0,0,1,0,1
7202,0,0,0,0,0,0,1,0
7203,1,1,1,0,1,1,0,1
7204,1,0,0,1,0,0,0,0
7209,1,1,0,1,1,0,0,0
7210,0,0,0,0,0,0,1,0
7211,1,0,0,1,0,0,0,0
7214,0,0,1,0,1,1,0,0
7218,1,0,0,0,0,0,1,0
7220,1,1,0,1,0,0,0,0
7223,0,0,1,0,0,0,0,0
7224,1,1,0,1,0,0,0,0
7227,1,1,0,1,1,0,0,0
7228,1,1,0,0,0,0,0,0
7229,1,1,0,0,0,0,0,0
7231,1,0,1,1,1,0,0,0
7234,1,1,0,0,0,0,0,0
7236,1,1,0,0,0,0,0,0
7237,1,1,0,0,0,0,0,0
7238,1,1,0,0,0,0,1,0
7242,1,1,0,1,0,0,0,0
7243,1,1,0,0,0,0,0,0
7244,0,1,0,0,0,0,1,0
7248,1,0,0,1,0,0,0,0
7251,1,1,0,1,0,0,0,0
7254,1,0,0,1,0,0,0,0
7255,1,0,1,0,1,0,0,0
7262,1,1,0,0,0,0,0,0
7264,1,1,0,0,0,0,0,0
7266,0,1,0,0,0,0,1,0
7270,1,0,1,1,0,0,0,0
7274,1,0,1,1,0,1,0,1
7276,1,0,0,1,0,0,0,0
7277,1,1,0,0,0,0,0,0
7283,1,1,0,0,0,0,0,0
7285,1,1,0,0,0,0,0,0
7286,0,0,0,0,0,0,1,0
7287,1,0,1,0,1,0,0,0
7288,1,1,0,0,0,0,0,0
7290,1,0,1,0,1,0,0,0
7291,1,0,0,0,0,0,1,0
7292,1,0,0,0,1,1,0,0
7293,1,1,0,1,0,0,0,0
7297,0,0,0,0,0,0,1,0
7300,1,0,0,1,0,0,0,0
7301,0,0,0,0,0,0,1,0
7303,1,0,0,0,0,0,0,0
7304,1,0,0,1,0,0,0,0
7305,0,0,0,0,0,0,1,0
7306,0,0,0,0,0,0,1,0
7309,0,1,1,0,0,1,0,0
7312,1,1,0,1,0,0,0,0
7314,0,0,0,0,0,0,1,0
7315,1,1,0,0,0,0,0,0
7316,1,0,0,0,1,0,0,0
7319,1,1,0,0,0,0,0,0
7322,1,1,0,1,0,0,0,0
7326,1,1,0,0,0,0,0,0
7330,1,1,1,1,1,0,0,0
7331,1,0,0,1,0,0,0,0
7333,1,1,1,0,0,0,0,0
7334,0,0,0,0,0,0,1,0
7336,1,0,0,0,0,0,0,0
7338,1,1,0,0,0,0,0,0
7339,1,1,0,0,0,0,0,0
7341,0,1,1,0,0,0,0,0
7344,1,0,0,1,0,0,0,0
7346,1,1,0,0,0,0,0,0
7351,1,0,0,0,1,0,0,0
7353,1,1,0,1,0,0,0,0
7354,1,1,1,1,0,0,0,0
7355,1,1,0,1,0,0,0,0
7356,1,1,0,0,0,0,0,0
7357,1,0,1,0,0,0,0,0
7359,0,0,0,0,0,0,1,0
7361,1,1,1,1,0,1,0,1
7362,1,1,0,0,0,0,0,0
7364,1,0,0,1,1,0,0,0
7366,1,1,0,0,1,1,0,0
7372,1,1,1,0,0,0,0,0
7373,0,0,1,0,0,0,0,0
7374,1,1,0,0,1,1,0,0
7375,1,1,0,0,0,0,0,0
7380,1,0,0,1,0,0,0,0
7381,1,1,0,0,1,0,0,0
7382,1,1,1,0,1,1,0,1
7388,1,1,0,0,0,0,0,0
7390,1,0,0,1,0,0,0,0
7392,1,1,1,0,0,0,0,0
7395,1,1,0,1,0,0,0,0
7399,1,0,0,1,0,0,0,0
7402,1,1,1,1,0,0,0,0
7406,0,0,1,1,0,0,0,0
7407,1,0,0,1,0,0,0,0
7408,1,1,0,1,0,0,0,0
7410,1,1,0,0,0,0,0,0
7415,1,1,1,0,0,0,0,0
7416,1,1,0,1,0,0,0,0
7419,1,1,0,1,0,0,0,0
7425,0,0,0,0,0,0,1,0
7428,0,0,0,0,0,0,1,0
7430,1,1,0,1,0,0,0,0
7431,1,1,0,0,0,0,0,0
7434,1,0,0,0,0,0,1,0
7436,0,0,0,0,0,0,1,0
7439,1,0,1,1,0,0,0,0
7441,0,0,0,1,0,0,1,0
7443,1,1,1,1,0,0,0,0
7445,0,1,1,0,0,1,0,0
7446,1,0,1,1,0,0,0,0
7447,1,1,0,0,0,1,0,0
7448,1,1,1,0,0,1,0,1
7450,1,0,1,1,0,1,0,1
7452,1,1,0,0,0,0,0,0
7456,1,0,0,1,1,0,0,0
7462,1,0,0,1,0,0,0,0
7463,1,0,0,0,1,0,0,0
7467,1,1,0,0,0,0,0,0
7469,1,1,0,0,0,0,0,0
7472,1,0,0,1,0,0,1,0
7476,1,0,0,0,1,0,0,0
7477,1,1,0,1,0,0,0,0
7478,1,1,0,0,0,0,0,0
7479,1,1,0,0,0,0,0,0
7482,1,1,0,0,0,0,0,0
7488,1,1,0,0,0,0,0,0
7492,1,0,1,1,0,0,0,0
7494,0,0,0,0,0,0,1,0
7497,0,0,0,0,0,0,1,0
7499,1,1,0,1,1,0,0,0
7505,1,1,0,0,0,0,0,0
7508,1,1,1,1,0,1,0,1
7511,0,0,0,0,0,0,1,0
7512,1,0,0,0,1,1,0,0
7518,1,1,0,0,0,0,0,0
7519,0,0,0,1,0,0,1,0
7520,1,1,1,1,0,1,0,1
7521,1,1,0,1,0,0,0,0
7522,0,0,0,0,0,0,1,0
7526,1,1,0,0,0,0,0,0
7541,1,0,0,1,1,0,0,0
7543,1,0,1,0,1,1,0,1
7544,1,0,0,1,0,0,0,0
7552,0,0,1,0,1,1,0,0
7554,1,1,0,0,0,0,0,0
7555,1,1,0,0,0,0,0,0
7556,1,0,0,0,0,0,1,0
7558,1,0,0,0,0,0,1,0
7559,0,0,1,0,1,1,0,0
7560,0,0,0,0,0,0,1,0
7562,1,0,0,1,1,0,0,0
7563,1,1,0,1,0,0,0,0
7565,1,1,0,1,1,0,0,0
7567,0,0,0,0,0,0,1,0
7569,0,0,0,0,0,0,1,0
7571,0,1,1,0,0,0,0,0
7572,1,1,0,1,0,0,0,0
7575,0,0,0,0,0,0,1,0
7584,1,1,1,0,0,0,0,0
7589,1,1,1,1,0,0,0,0
7590,0,0,0,0,0,0,1,0
7592,1,0,0,1,0,0,0,0
7594,1,1,0,0,0,0,0,0
7599,1,0,1,1,0,0,0,0
7600,0,0,0,0,0,0,1,0
7602,0,0,0,0,0,0,1,0
7604,0,0,1,0,0,1,0,0
7605,0,0,0,0,0,0,1,0
7608,1,0,0,1,0,0,0,0
7610,0,1,1,0,0,1,0,0
7613,1,0,1,1,0,0,0,0
7614,0,1,0,0,0,1,0,0
7615,0,0,0,0,0,0,1,0
7616,1,1,0,0,0,0,0,0
7619,1,1,0,1,0,0,0,0
7622,1,1,0,0,0,0,0,0
7624,1,1,0,1,1,0,0,0
7625,1,1,0,0,0,0,0,0
7626,1,1,0,1,0,0,0,0
7629,1,0,1,0,1,1,0,1
7630,1,1,0,1,0,0,0,0
7633,1,1,0,0,0,0,0,0
7636,1,0,0,1,0,0,0,0
7638,1,1,0,1,0,0,0,0
7639,1,0,0,1,0,0,1,0
7640,1,1,1,0,0,0,0,0
7641,1,0,1,0,1,1,0,1
7642,0,0,0,0,0,0,1,0
7644,1,1,0,1,0,0,0,0
7648,1,1,0,1,0,0,0,0
7652,1,1,1,0,1,1,0,1
7656,1,0,0,1,1,0,0,0
7658,0,0,0,0,0,0,1,0
7660,0,0,0,0,0,0,1,0
7662,1,0,1,0,1,0,0,0
7663,0,0,0,0,0,0,1,0
7665,1,0,0,1,1,0,0,0
7666,1,1,0,0,0,0,0,0
7671,1,1,1,1,0,1,0,1
7672,1,1,0,0,0,1,0,0
7673,0,0,0,0,0,0,1,0
7674,1,1,0,1,0,0,0,0
7679,1,1,0,0,0,0,0,0
7681,0,0,0,0,0,0,1,0
7687,1,1,0,0,0,0,0,0
7689,1,0,0,1,0,0,0,0
7690,1,1,0,1,0,0,0,0
7692,0,0,0,0,0,0,1,0
7693,1,1,0,0,1,0,0,0
7695,1,1,0,0,0,0,0,0
7696,1,1,0,0,0,0,0,0
7697,0,0,1,0,0,1,0,0
7701,1,1,1,0,0,0,0,0
7707,1,1,1,0,0,1,0,1
7708,0,0,0,0,0,0,1,0
7715,1,1,0,0,0,0,0,0
7716,1,0,0,0,1,0,0,0
7722,1,0,0,1,0,0,0,0
7723,1,1,0,1,0,0,0,0
7724,0,0,0,0,0,0,1,0
7725,1,1,0,0,0,0,0,0
7726,1,1,1,0,0,1,0,1
7731,1,1,0,1,0,0,0,0
7732,1,1,1,1,0,0,0,0
7733,1,1,1,1,0,1,0,1
7735,0,0,0,0,0,0,1,0
7737,1,0,1,0,0,1,0,0
7738,1,0,0,1,1,0,0,0
7743,1,1,0,0,0,0,0,0
7745,1,1,0,0,0,0,0,0
7747,1,0,0,0,1,1,0,0
7757,1,0,1,1,0,0,0,0
7762,1,1,0,1,0,0,0,0
7765,0,1,0,0,0,0,1,0
7769,0,0,1,0,0,0,1,0
7771,1,1,1,0,0,0,0,0
7778,1,1,0,0,0,0,0,0
7779,1,0,0,1,0,0,0,0
7783,1,1,0,0,0,0,0,0
7784,0,0,0,0,0,0,1,0
7785,1,1,0,0,0,0,0,0
7788,0,0,0,0,0,0,1,0
7789,1,1,0,1,0,0,0,0
7791,0,0,0,0,0,0,1,0
7794,1,1,1,0,0,0,0,0
7795,1,0,0,1,0,0,0,0
7796,1,1,0,0,0,0,0,0
7797,1,0,0,1,0,0,0,0
7799,1,1,0,0,0,0,0,0
7801,0,0,0,0,0,0,1,0
7803,1,0,0,0,1,1,0,0
7805,1,0,1,1,1,1,0,1
7808,0,0,0,0,0,0,1,0
7811,1,0,0,1,1,0,0,0
7813,1,0,1,1,1,0,0,0
7816,0,0,0,0,0,0,1,0
7821,1,1,0,0,0,0,0,0
7822,1,1,0,0,0,0,0,0
7824,1,1,0,0,0,0,0,0
7826,1,1,0,0,0,0,0,0
7831,1,1,0,1,0,0,0,0
7832,1,1,0,0,0,0,0,0
7834,1,1,0,0,0,0,0,0
7835,1,1,1,0,0,1,0,1
7836,1,1,0,1,0,0,0,0
7837,1,0,1,1,0,1,0,1
7838,1,1,0,0,0,0,0,0
7842,1,1,0,0,0,0,0,0
7847,1,1,0,0,0,0,0,0
7850,1,1,0,0,0,0,0,0
7851,1,1,0,1,0,0,0,0
7852,1,0,0,1,0,0,0,0
7853,1,0,0,0,0,0,1,0
7857,1,0,0,1,0,0,0,0
7858,1,1,0,0,0,0,0,0
7860,1,0,0,0,0,0,1,0
7861,1,0,0,1,0,0,0,0
7864,1,0,0,0,1,0,0,0
7865,1,0,0,0,0,0,1,0
7866,1,0,0,1,0,0,0,0
7868,1,1,0,1,1,0,0,0
7870,1,0,0,1,0,0,0,0
7873,1,0,0,1,0,0,0,0
7874,1,1,0,0,0,0,0,0
7875,0,1,0,0,0,1,0,0
7876,0,0,0,0,0,0,1,0
7878,1,1,0,0,0,0,0,0
7881,1,1,0,1,0,0,0,0
7882,1,1,0,0,0,0,0,0
7884,1,0,0,0,0,0,1,0
7885,1,1,0,0,0,0,0,0
7887,1,1,0,0,0,0,0,0
7888,1,1,0,1,1,0,0,0
7895,1,1,0,0,1,0,0,0
7900,1,1,0,0,0,0,0,0
7904,1,0,1,1,1,1,0,1
7909,1,0,0,1,0,0,0,0
7917,1,0,0,1,0,0,0,0
7918,1,0,1,0,1,0,0,0
7921,0,0,0,0,0,0,1,0
7922,1,1,1,1,0,1,0,1
7923,1,0,0,1,0,0,0,0
7925,1,1,0,1,0,0,0,0
7927,1,1,0,1,0,0,0,0
7928,1,1,0,0,0,0,0,0
7931,1,1,0,0,0,0,0,0
7932,1,0,1,1,0,1,0,1
7934,1,0,0,0,1,0,0,0
7936,1,1,0,1,1,0,0,0
7938,1,1,0,0,0,0,0,0
7940,1,0,0,0,1,1,0,0
7941,1,1,0,0,0,0,0,0
7945,0,0,0,0,0,0,1,0
7947,1,1,0,0,0,0,0,0
7956,1,1,0,1,0,0,0,0
7957,1,0,0,1,1,0,0,0
7958,1,1,0,1,0,0,0,0
7961,0,0,0,1,0,0,1,0
7964,1,0,0,0,1,0,0,0
7965,1,1,1,1,0,0,0,0
7967,1,1,0,0,0,0,1,0
7968,1,0,0,0,1,0,0,0
7969,1,0,0,1,0,0,0,0
7972,1,1,0,1,0,0,0,0
7976,1,1,1,1,0,1,0,1
7977,1,0,0,1,0,0,0,0
7980,1,1,0,0,0,0,0,0
7983,1,0,0,0,1,0,0,0
7985,1,1,0,0,0,0,0,0
7986,1,1,0,1,1,0,0,0
7990,0,0,0,0,0,0,1,0
7995,0,0,1,0,1,1,0,0
7997,1,0,0,1,0,0,0,0
8001,1,1,0,0,0,0,0,0
8003,0,1,1,0,0,0,0,0
8004,1,1,0,1,0,0,0,0
8010,1,1,0,1,0,0,0,0
8015,1,1,0,0,0,0,0,0
8017,0,0,0,0,0,0,1,0
8019,1,0,0,1,0,0,0,0
8020,0,0,0,0,0,0,1,0
8021,1,1,0,1,0,0,0,0
8022,1,0,1,0,1,0,0,0
8024,1,1,0,0,0,0,0,0
8025,1,0,1,0,1,1,0,1
8026,1,1,1,1,0,0,0,0
8029,0,0,0,0,0,0,1,0
8031,1,1,0,0,0,0,0,0
8034,1,1,0,0,0,0,0,0
8041,1,1,0,0,0,0,0,0
8046,1,1,0,0,0,0,0,0
8047,1,1,0,0,0,0,0,0
8048,1,1,0,1,0,0,0,0
8049,1,1,1,0,0,0,0,0
8052,1,1,0,1,0,0,0,0
8053,1,1,0,1,0,0,0,0
8054,0,0,0,0,0,0,1,0
8060,1,0,0,1,0,0,0,0
8062,1,1,0,1,0,0,0,0
8065,1,0,1,1,0,0,0,0
8067,0,1,1,0,0,1,0,0
8068,1,1,1,1,0,1,0,1
8071,0,1,0,0,0,0,1,0
8074,1,0,0,0,1,1,0,0
8082,0,0,0,0,0,0,1,0
8083,1,0,0,1,0,0,0,0
8084,0,1,1,0,0,1,0,0
8085,1,1,1,0,0,1,0,1
8087,0,1,0,0,0,0,0,0
8090,1,1,0,0,0,0,0,0
8092,1,0,1,0,0,0,0,0
8093,1,1,0,1,0,0,0,0
8096,1,1,0,0,0,0,0,0
8098,1,1,0,0,0,0,0,0
8101,0,0,0,0,0,0,1,0
8104,1,0,1,1,1,1,0,1
8106,1,1,1,1,0,0,0,0
8109,0,0,0,0,0,0,1,0
8112,1,1,0,1,0,0,0,0
8113,1,1,0,0,0,0,0,0
8115,1,1,0,0,1,1,0,0
8116,0,0,0,0,0,0,1,0
8118,1,1,0,0,0,0,0,0
8119,1,1,1,0,0,0,0,0
8121,1,1,0,0,0,0,0,0
8124,1,1,0,0,0,0,0,0
8125,1,1,0,1,0,0,0,0
8127,0,0,0,0,0,0,1,0
8131,1,1,0,0,0,0,0,0
8132,0,0,0,0,0,0,1,0
8135,1,0,0,0,1,0,0,0
8136,1,1,0,0,0,0,0,0
8137,1,1,0,0,0,0,0,0
8138,1,1,1,0,1,1,0,1
8139,0,0,0,0,0,0,1,0
8140,0,0,0,0,0,0,1,0
8141,1,1,1,0,0,1,0,1
8145,1,0,1,1,0,0,0,0
8147,1,0,1,1,0,0,0,0
8150,1,1,0,0,0,0,0,0
8151,1,1,0,1,0,0,0,0
8152,1,1,0,0,0,0,0,0
8155,0,0,0,0,0,0,1,0
8157,1,0,1,1,0,1,0,1
8158,0,1,1,0,0,0,0,0
8159,1,0,0,1,0,0,1,0
8162,1,1,0,0,0,0,0,0
8166,1,0,0,1,0,0,0,0
8171,1,1,0,0,0,0,0,0
8173,1,1,0,1,0,0,0,0
8175,1,1,0,0,0,0,0,0
8177,1,1,0,1,0,0,0,0
8178,1,1,0,0,1,0,0,0
8184,0,1,1,0,0,1,0,0
8186,1,1,1,0,0,1,0,1
8189,1,0,0,0,1,0,0,0
8190,1,1,0,0,0,0,0,0
8191,0,0,0,0,0,0,1,0
8192,1,1,0,1,0,0,0,0
8194,1,1,1,0,0,0,0,0
8199,1,0,0,1,1,0,0,0
8200,1,0,1,1,0,1,0,1
8206,0,1,1,0,1,1,0,0
8207,1,1,1,0,1,1,0,1
8208,0,0,0,0,0,0,1,0
8209,1,1,1,1,0,1,0,1
8212,1,1,1,0,0,1,0,1
8213,1,0,0,1,0,0,0,0
8215,1,1,0,0,0,0,0,0
8217,1,0,0,1,0,0,0,0
